CHR,RSID,POS,ALT,REF,PARTITION
17,rs35838379,44040184,G,A,1
17,rs2435214,44068339,A,G,1
17,rs2471738,44076063,T,C,1
17,rs4792897,44086267,G,A,1
17,rs12150530,44090393,C,T,1
17,rs7214674,44113969,T,C,1
17,rs6503454,44118269,G,A,1
17,rs8074761,44124640,A,G,1
17,rs7212857,44132301,A,C,1
17,rs11652003,44132659,A,G,1
17,rs933317,44136030,T,C,1
17,rs9303524,44136576,T,A,1
17,rs11870844,44141279,A,T,1
17,rs11079731,44143470,T,C,1
17,rs9898030,44147404,A,C,1
17,rs6503456,44148705,C,A,1
17,rs8079695,44161441,T,C,1
17,rs10775404,44167366,C,A,1
17,rs7211983,44172679,A,G,1
17,rs4997213,44186267,A,G,1
17,rs4792830,44199290,C,T,1
17,rs9910683,44200023,A,G,1
17,rs2016730,44204373,C,T,1
17,rs4792831,44206665,A,G,1
17,rs12941738,44212030,C,A,1
17,rs117913167,44212362,T,C,1
17,17:44219457_T_C,44219457,C,T,1
17,17:44219555_A_G,44219555,G,A,1
17,17:44225231_G_A,44225231,A,G,1
17,17:44230598_G_A,44230598,A,G,1
17,17:44241726_A_G,44241726,G,A,1
17,17:44243312_C_G,44243312,G,C,1
17,17:44248499_G_C,44248499,C,G,1
17,17:44248848_G_A,44248848,A,G,1
17,17:44259690_T_G,44259690,G,T,1
17,17:44264420_G_C,44264420,C,G,1
17,17:44268905_A_G,44268905,G,A,1
17,rs369196829,44304405,C,G,1
17,17:44305371_C_A,44305371,A,C,1
17,rs12452789,44310965,A,T,1
17,rs79475968,44326895,C,T,1
17,rs12953227,44331785,T,C,1
17,rs12953096,44332959,T,C,1
17,rs369533348,44337122,T,C,1
17,rs2469936,44340168,A,G,1
17,rs12939328,44363616,T,A,1
17,rs7209589,44369420,A,G,1
17,rs62071365,44442745,T,A,1
17,rs144462017,44443036,A,G,1
17,rs62071370,44444802,G,A,1
17,rs144216645,44623789,T,C,1
17,rs1863115,44625928,C,A,1
17,rs545764163,44663783,T,C,1
17,rs201619114,44735336,T,A,1
17,rs199805751,44735337,A,T,1
17,rs12951057,44794558,G,C,1
17,rs17698176,44819595,G,T,1
17,rs35732828,44833217,A,C,1
17,rs35732828,44833217,A,C,2
17,rs35838379,44040184,G,A,3
17,rs2435214,44068339,A,G,3
17,rs2471738,44076063,T,C,3
17,rs4792897,44086267,G,A,3
17,rs12150530,44090393,C,T,3
17,rs7214674,44113969,T,C,3
17,rs6503454,44118269,G,A,3
17,rs8074761,44124640,A,G,3
17,rs7212857,44132301,A,C,3
17,rs11652003,44132659,A,G,3
17,rs933317,44136030,T,C,3
17,rs9303524,44136576,T,A,3
17,rs11870844,44141279,A,T,3
17,rs11079731,44143470,T,C,3
17,rs9898030,44147404,A,C,3
17,rs6503456,44148705,C,A,3
17,rs8079695,44161441,T,C,3
17,rs10775404,44167366,C,A,3
17,rs7211983,44172679,A,G,3
17,rs4997213,44186267,A,G,3
17,rs4792830,44199290,C,T,3
17,rs9910683,44200023,A,G,3
17,rs2016730,44204373,C,T,3
17,rs4792831,44206665,A,G,3
17,rs12941738,44212030,C,A,3
17,rs117913167,44212362,T,C,3
17,17:44219457_T_C,44219457,C,T,3
17,17:44219555_A_G,44219555,G,A,3
17,17:44225231_G_A,44225231,A,G,3
17,17:44230598_G_A,44230598,A,G,3
17,17:44241726_A_G,44241726,G,A,3
17,17:44243312_C_G,44243312,G,C,3
17,17:44248499_G_C,44248499,C,G,3
17,17:44248848_G_A,44248848,A,G,3
17,17:44259690_T_G,44259690,G,T,3
17,17:44264420_G_C,44264420,C,G,3
17,17:44268905_A_G,44268905,G,A,3
17,rs369196829,44304405,C,G,3
17,17:44305371_C_A,44305371,A,C,3
17,rs12452789,44310965,A,T,3
17,rs79475968,44326895,C,T,3
17,rs12953227,44331785,T,C,3
17,rs12953096,44332959,T,C,3
17,rs369533348,44337122,T,C,3
17,rs2469936,44340168,A,G,3
17,rs12939328,44363616,T,A,3
17,rs7209589,44369420,A,G,3
17,rs201619114,44735336,T,A,3
17,rs199805751,44735337,A,T,3
17,rs17698176,44819595,G,T,3
17,rs7214674,44113969,T,C,4
17,rs6503454,44118269,G,A,4
17,rs8074761,44124640,A,G,4
17,rs7212857,44132301,A,C,4
17,rs11652003,44132659,A,G,4
17,rs933317,44136030,T,C,4
17,rs9303524,44136576,T,A,4
17,rs11079731,44143470,T,C,4
17,rs9898030,44147404,A,C,4
17,rs6503456,44148705,C,A,4
17,rs8079695,44161441,T,C,4
17,rs10775404,44167366,C,A,4
17,rs7211983,44172679,A,G,4
17,rs4997213,44186267,A,G,4
17,rs4792830,44199290,C,T,4
17,rs9910683,44200023,A,G,4
17,rs2016730,44204373,C,T,4
17,rs4792831,44206665,A,G,4
17,rs12941738,44212030,C,A,4
17,rs117913167,44212362,T,C,4
17,17:44219457_T_C,44219457,C,T,4
17,17:44219555_A_G,44219555,G,A,4
17,17:44225231_G_A,44225231,A,G,4
17,17:44241726_A_G,44241726,G,A,4
17,17:44243312_C_G,44243312,G,C,4
17,17:44248499_G_C,44248499,C,G,4
17,17:44259690_T_G,44259690,G,T,4
17,rs12452789,44310965,A,T,4
17,rs35838379,44040184,G,A,6
17,rs2435214,44068339,A,G,6
17,rs2471738,44076063,T,C,6
17,rs4792897,44086267,G,A,6
17,rs12150530,44090393,C,T,6
17,rs7214674,44113969,T,C,6
17,rs6503454,44118269,G,A,6
17,rs8074761,44124640,A,G,6
17,rs7212857,44132301,A,C,6
17,rs11652003,44132659,A,G,6
17,rs933317,44136030,T,C,6
17,rs9303524,44136576,T,A,6
17,rs11870844,44141279,A,T,6
17,rs11079731,44143470,T,C,6
17,rs9898030,44147404,A,C,6
17,rs6503456,44148705,C,A,6
17,rs8079695,44161441,T,C,6
17,rs10775404,44167366,C,A,6
17,rs7211983,44172679,A,G,6
17,rs4997213,44186267,A,G,6
17,rs4792830,44199290,C,T,6
17,rs9910683,44200023,A,G,6
17,rs2016730,44204373,C,T,6
17,rs4792831,44206665,A,G,6
17,rs12941738,44212030,C,A,6
17,rs117913167,44212362,T,C,6
17,17:44219457_T_C,44219457,C,T,6
17,17:44219555_A_G,44219555,G,A,6
17,17:44225231_G_A,44225231,A,G,6
17,17:44230598_G_A,44230598,A,G,6
17,17:44241726_A_G,44241726,G,A,6
17,17:44243312_C_G,44243312,G,C,6
17,17:44248499_G_C,44248499,C,G,6
17,17:44248848_G_A,44248848,A,G,6
17,17:44259690_T_G,44259690,G,T,6
17,17:44264420_G_C,44264420,C,G,6
17,17:44268905_A_G,44268905,G,A,6
17,rs369196829,44304405,C,G,6
17,17:44305371_C_A,44305371,A,C,6
17,rs12452789,44310965,A,T,6
17,rs79475968,44326895,C,T,6
17,rs12953227,44331785,T,C,6
17,rs12953096,44332959,T,C,6
17,rs369533348,44337122,T,C,6
17,rs2469936,44340168,A,G,6
17,rs2532345,44343902,A,G,6
17,rs12939328,44363616,T,A,6
17,rs7209589,44369420,A,G,6
17,rs273534,44410179,T,C,6
17,rs2137113,44410368,T,G,6
17,rs62071365,44442745,T,A,6
17,rs144462017,44443036,A,G,6
17,rs62071370,44444802,G,A,6
17,rs144216645,44623789,T,C,6
17,rs1863115,44625928,C,A,6
17,rs201619114,44735336,T,A,6
17,rs199805751,44735337,A,T,6
17,rs147382204,44768597,G,T,6
17,rs17692129,44793283,T,C,6
17,rs12951057,44794558,G,C,6
17,rs35937770,44808360,A,G,6
17,rs17698176,44819595,G,T,6
17,rs35732828,44833217,A,C,6
17,rs3809857,44848314,T,G,6
17,rs4792897,44086267,G,A,9
17,rs12150530,44090393,C,T,9
17,rs7214674,44113969,T,C,9
17,rs6503454,44118269,G,A,9
17,rs8074761,44124640,A,G,9
17,rs7212857,44132301,A,C,9
17,rs11652003,44132659,A,G,9
17,rs933317,44136030,T,C,9
17,rs9303524,44136576,T,A,9
17,rs11079731,44143470,T,C,9
17,rs9898030,44147404,A,C,9
17,rs6503456,44148705,C,A,9
17,rs8079695,44161441,T,C,9
17,rs10775404,44167366,C,A,9
17,rs7211983,44172679,A,G,9
17,rs4997213,44186267,A,G,9
17,rs4792830,44199290,C,T,9
17,rs9910683,44200023,A,G,9
17,rs2016730,44204373,C,T,9
17,rs4792831,44206665,A,G,9
17,rs12941738,44212030,C,A,9
17,rs117913167,44212362,T,C,9
17,17:44219457_T_C,44219457,C,T,9
17,17:44219555_A_G,44219555,G,A,9
17,17:44225231_G_A,44225231,A,G,9
17,17:44230598_G_A,44230598,A,G,9
17,17:44241726_A_G,44241726,G,A,9
17,17:44243312_C_G,44243312,G,C,9
17,17:44248499_G_C,44248499,C,G,9
17,17:44248848_G_A,44248848,A,G,9
17,17:44259690_T_G,44259690,G,T,9
17,17:44264420_G_C,44264420,C,G,9
17,17:44268905_A_G,44268905,G,A,9
17,rs12452789,44310965,A,T,9
17,rs35838379,44040184,G,A,12
17,rs2435214,44068339,A,G,12
17,rs2471738,44076063,T,C,12
17,rs4792897,44086267,G,A,12
17,rs12150530,44090393,C,T,12
17,rs7214674,44113969,T,C,12
17,rs6503454,44118269,G,A,12
17,rs8074761,44124640,A,G,12
17,rs7212857,44132301,A,C,12
17,rs11652003,44132659,A,G,12
17,rs933317,44136030,T,C,12
17,rs9303524,44136576,T,A,12
17,rs11870844,44141279,A,T,12
17,rs11079731,44143470,T,C,12
17,rs9898030,44147404,A,C,12
17,rs6503456,44148705,C,A,12
17,rs8079695,44161441,T,C,12
17,rs10775404,44167366,C,A,12
17,rs7211983,44172679,A,G,12
17,rs4997213,44186267,A,G,12
17,rs4792830,44199290,C,T,12
17,rs9910683,44200023,A,G,12
17,rs2016730,44204373,C,T,12
17,rs4792831,44206665,A,G,12
17,rs12941738,44212030,C,A,12
17,rs117913167,44212362,T,C,12
17,17:44219457_T_C,44219457,C,T,12
17,17:44219555_A_G,44219555,G,A,12
17,17:44225231_G_A,44225231,A,G,12
17,17:44230598_G_A,44230598,A,G,12
17,17:44241726_A_G,44241726,G,A,12
17,17:44243312_C_G,44243312,G,C,12
17,17:44248499_G_C,44248499,C,G,12
17,17:44248848_G_A,44248848,A,G,12
17,17:44259690_T_G,44259690,G,T,12
17,17:44264420_G_C,44264420,C,G,12
17,17:44268905_A_G,44268905,G,A,12
17,rs369196829,44304405,C,G,12
17,17:44305371_C_A,44305371,A,C,12
17,rs12452789,44310965,A,T,12
17,rs79475968,44326895,C,T,12
17,rs12953227,44331785,T,C,12
17,rs12953096,44332959,T,C,12
17,rs369533348,44337122,T,C,12
17,rs2469936,44340168,A,G,12
17,rs12939328,44363616,T,A,12
17,rs7209589,44369420,A,G,12
17,rs201619114,44735336,T,A,12
17,rs199805751,44735337,A,T,12
17,rs12951057,44794558,G,C,12
17,rs17698176,44819595,G,T,12
17,rs35732828,44833217,A,C,12
17,rs2664008,43883103,A,G,13
17,rs35838379,44040184,G,A,13
17,rs2435214,44068339,A,G,13
17,rs2471738,44076063,T,C,13
17,rs4792897,44086267,G,A,13
17,rs12150530,44090393,C,T,13
17,rs7214674,44113969,T,C,13
17,rs6503454,44118269,G,A,13
17,rs8064986,44119367,A,G,13
17,rs8074761,44124640,A,G,13
17,rs4792827,44131305,T,C,13
17,rs7212857,44132301,A,C,13
17,rs11652003,44132659,A,G,13
17,rs933317,44136030,T,C,13
17,rs9303524,44136576,T,A,13
17,rs11870844,44141279,A,T,13
17,rs11079731,44143470,T,C,13
17,rs9898030,44147404,A,C,13
17,rs6503456,44148705,C,A,13
17,rs8079695,44161441,T,C,13
17,rs11079732,44161581,T,C,13
17,rs11654640,44162230,G,A,13
17,rs2158258,44163809,A,C,13
17,rs10775404,44167366,C,A,13
17,rs7211983,44172679,A,G,13
17,rs11652924,44182267,T,C,13
17,rs4997213,44186267,A,G,13
17,rs9904766,44186952,T,C,13
17,rs7225002,44189067,G,A,13
17,rs2016034,44189598,A,G,13
17,rs4792830,44199290,C,T,13
17,rs9910683,44200023,A,G,13
17,rs8068300,44202690,T,C,13
17,rs2016730,44204373,C,T,13
17,rs4792831,44206665,A,G,13
17,rs12941738,44212030,C,A,13
17,rs117913167,44212362,T,C,13
17,17:44219457_T_C,44219457,C,T,13
17,17:44219555_A_G,44219555,G,A,13
17,17:44222424_G_C,44222424,G,C,13
17,17:44224272_G_A,44224272,G,A,13
17,17:44225231_G_A,44225231,A,G,13
17,17:44230598_G_A,44230598,A,G,13
17,17:44241726_A_G,44241726,G,A,13
17,17:44243312_C_G,44243312,G,C,13
17,17:44248499_G_C,44248499,C,G,13
17,17:44248848_G_A,44248848,A,G,13
17,17:44259690_T_G,44259690,G,T,13
17,17:44262950_G_A,44262950,G,A,13
17,17:44264420_G_C,44264420,C,G,13
17,17:44266982_T_C,44266982,T,C,13
17,17:44268905_A_G,44268905,G,A,13
17,rs2532231,44274474,C,T,13
17,17:44291980_G_A,44291980,G,A,13
17,rs369196829,44304405,C,G,13
17,17:44305371_C_A,44305371,A,C,13
17,rs12452789,44310965,A,T,13
17,rs2732634,44319047,A,G,13
17,rs2732716,44323046,T,C,13
17,rs79475968,44326895,C,T,13
17,rs12953227,44331785,T,C,13
17,rs12953096,44332959,T,C,13
17,rs369533348,44337122,T,C,13
17,rs2469936,44340168,A,G,13
17,rs2532345,44343902,A,G,13
17,rs2532341,44345428,A,G,13
17,rs2532326,44355778,T,G,13
17,rs62073169,44363136,G,C,13
17,rs12939328,44363616,T,A,13
17,rs7209589,44369420,A,G,13
17,rs1863115,44625928,C,A,13
17,rs201619114,44735336,T,A,13
17,rs199805751,44735337,A,T,13
17,rs569058478,44737744,C,A,13
17,rs147382204,44768597,G,T,13
17,rs17692129,44793283,T,C,13
17,rs12951057,44794558,G,C,13
17,rs35937770,44808360,A,G,13
17,rs17698176,44819595,G,T,13
17,rs35732828,44833217,A,C,13
17,rs3809857,44848314,T,G,13
17,rs9910683,44200023,A,G,18
17,rs35838379,44040184,G,A,24
17,rs2435214,44068339,A,G,24
17,rs2471738,44076063,T,C,24
17,rs4792897,44086267,G,A,24
17,rs12150530,44090393,C,T,24
17,rs7214674,44113969,T,C,24
17,rs6503454,44118269,G,A,24
17,rs8074761,44124640,A,G,24
17,rs7212857,44132301,A,C,24
17,rs11652003,44132659,A,G,24
17,rs933317,44136030,T,C,24
17,rs9303524,44136576,T,A,24
17,rs11870844,44141279,A,T,24
17,rs11079731,44143470,T,C,24
17,rs9898030,44147404,A,C,24
17,rs6503456,44148705,C,A,24
17,rs8079695,44161441,T,C,24
17,rs10775404,44167366,C,A,24
17,rs7211983,44172679,A,G,24
17,rs4997213,44186267,A,G,24
17,rs4792830,44199290,C,T,24
17,rs9910683,44200023,A,G,24
17,rs2016730,44204373,C,T,24
17,rs4792831,44206665,A,G,24
17,rs12941738,44212030,C,A,24
17,rs117913167,44212362,T,C,24
17,17:44219457_T_C,44219457,C,T,24
17,17:44219555_A_G,44219555,G,A,24
17,17:44225231_G_A,44225231,A,G,24
17,17:44230598_G_A,44230598,A,G,24
17,17:44241726_A_G,44241726,G,A,24
17,17:44243312_C_G,44243312,G,C,24
17,17:44248499_G_C,44248499,C,G,24
17,17:44248848_G_A,44248848,A,G,24
17,17:44259690_T_G,44259690,G,T,24
17,17:44264420_G_C,44264420,C,G,24
17,17:44268905_A_G,44268905,G,A,24
17,rs369196829,44304405,C,G,24
17,17:44305371_C_A,44305371,A,C,24
17,rs12452789,44310965,A,T,24
17,rs79475968,44326895,C,T,24
17,rs12953227,44331785,T,C,24
17,rs12953096,44332959,T,C,24
17,rs369533348,44337122,T,C,24
17,rs2469936,44340168,A,G,24
17,rs12939328,44363616,T,A,24
17,rs7209589,44369420,A,G,24
17,rs273534,44410179,T,C,24
17,rs2137113,44410368,T,G,24
17,rs62071365,44442745,T,A,24
17,rs144462017,44443036,A,G,24
17,rs62071370,44444802,G,A,24
17,rs144216645,44623789,T,C,24
17,rs1863115,44625928,C,A,24
17,rs545764163,44663783,T,C,24
17,rs201619114,44735336,T,A,24
17,rs199805751,44735337,A,T,24
17,rs147382204,44768597,G,T,24
17,rs17692129,44793283,T,C,24
17,rs12951057,44794558,G,C,24
17,rs35937770,44808360,A,G,24
17,rs17698176,44819595,G,T,24
17,rs35732828,44833217,A,C,24
17,rs3809857,44848314,T,G,24
17,rs4792897,44086267,G,A,26
17,rs12150530,44090393,C,T,26
17,rs7214674,44113969,T,C,26
17,rs6503454,44118269,G,A,26
17,rs8074761,44124640,A,G,26
17,rs7212857,44132301,A,C,26
17,rs11652003,44132659,A,G,26
17,rs933317,44136030,T,C,26
17,rs9303524,44136576,T,A,26
17,rs11079731,44143470,T,C,26
17,rs9898030,44147404,A,C,26
17,rs6503456,44148705,C,A,26
17,rs8079695,44161441,T,C,26
17,rs10775404,44167366,C,A,26
17,rs7211983,44172679,A,G,26
17,rs4997213,44186267,A,G,26
17,rs4792830,44199290,C,T,26
17,rs9910683,44200023,A,G,26
17,rs2016730,44204373,C,T,26
17,rs4792831,44206665,A,G,26
17,rs12941738,44212030,C,A,26
17,rs117913167,44212362,T,C,26
17,17:44219457_T_C,44219457,C,T,26
17,17:44219555_A_G,44219555,G,A,26
17,17:44225231_G_A,44225231,A,G,26
17,17:44230598_G_A,44230598,A,G,26
17,17:44241726_A_G,44241726,G,A,26
17,17:44243312_C_G,44243312,G,C,26
17,17:44248499_G_C,44248499,C,G,26
17,17:44248848_G_A,44248848,A,G,26
17,17:44259690_T_G,44259690,G,T,26
17,17:44264420_G_C,44264420,C,G,26
17,17:44268905_A_G,44268905,G,A,26
17,rs369196829,44304405,C,G,26
17,17:44305371_C_A,44305371,A,C,26
17,rs12452789,44310965,A,T,26
17,rs79475968,44326895,C,T,26
17,rs12953227,44331785,T,C,26
17,rs369533348,44337122,T,C,26
17,rs2469936,44340168,A,G,26
17,rs12939328,44363616,T,A,26
17,rs201619114,44735336,T,A,26
17,rs199805751,44735337,A,T,26
17,rs12951057,44794558,G,C,26
17,rs17698176,44819595,G,T,26
17,rs35732828,44833217,A,C,26
17,rs2664008,43883103,A,G,27
17,rs35838379,44040184,G,A,27
17,rs2435214,44068339,A,G,27
17,rs2471738,44076063,T,C,27
17,rs4792897,44086267,G,A,27
17,rs12150530,44090393,C,T,27
17,rs7214674,44113969,T,C,27
17,rs6503454,44118269,G,A,27
17,rs8074761,44124640,A,G,27
17,rs7212857,44132301,A,C,27
17,rs11652003,44132659,A,G,27
17,rs933317,44136030,T,C,27
17,rs9303524,44136576,T,A,27
17,rs11870844,44141279,A,T,27
17,rs11079731,44143470,T,C,27
17,rs9898030,44147404,A,C,27
17,rs6503456,44148705,C,A,27
17,rs8079695,44161441,T,C,27
17,rs10775404,44167366,C,A,27
17,rs7211983,44172679,A,G,27
17,rs4997213,44186267,A,G,27
17,rs4792830,44199290,C,T,27
17,rs9910683,44200023,A,G,27
17,rs2016730,44204373,C,T,27
17,rs4792831,44206665,A,G,27
17,rs12941738,44212030,C,A,27
17,rs117913167,44212362,T,C,27
17,17:44219457_T_C,44219457,C,T,27
17,17:44219555_A_G,44219555,G,A,27
17,17:44225231_G_A,44225231,A,G,27
17,17:44230598_G_A,44230598,A,G,27
17,17:44241726_A_G,44241726,G,A,27
17,17:44243312_C_G,44243312,G,C,27
17,17:44248499_G_C,44248499,C,G,27
17,17:44248848_G_A,44248848,A,G,27
17,17:44259690_T_G,44259690,G,T,27
17,17:44264420_G_C,44264420,C,G,27
17,17:44268905_A_G,44268905,G,A,27
17,rs369196829,44304405,C,G,27
17,17:44305371_C_A,44305371,A,C,27
17,rs12452789,44310965,A,T,27
17,rs2732716,44323046,T,C,27
17,rs79475968,44326895,C,T,27
17,rs12953227,44331785,T,C,27
17,rs12953096,44332959,T,C,27
17,rs369533348,44337122,T,C,27
17,rs2469936,44340168,A,G,27
17,rs2532345,44343902,A,G,27
17,rs2532341,44345428,A,G,27
17,rs62073169,44363136,G,C,27
17,rs12939328,44363616,T,A,27
17,rs1863115,44625928,C,A,27
17,rs201619114,44735336,T,A,27
17,rs199805751,44735337,A,T,27
17,rs147382204,44768597,G,T,27
17,rs17692129,44793283,T,C,27
17,rs12951057,44794558,G,C,27
17,rs35937770,44808360,A,G,27
17,rs17698176,44819595,G,T,27
17,rs35732828,44833217,A,C,27
17,rs3809857,44848314,T,G,27
