Name	Coefficient	Coefficient_std_error	Coefficient_P_value	partition
Brain_Amygdala	1.15848239166e-08	5.88533152401e-09	0.0245096744769	1
Brain_Cerebellum	8.41548570199e-09	7.4901335754e-09	0.130603515404	1
Brain_Spinal_cord_(cervical_c-1)	2.9060269885e-09	7.2947232144e-09	0.345177314571	1
Brain_Putamen_(basal_ganglia)	2.21632703087e-09	6.46996617653e-09	0.365966178665	1
Brain_Cerebellar_Hemisphere	2.08788601688e-09	7.12776887822e-09	0.384790580528	1
Brain_Cortex	2.52328529351e-11	6.26891346835e-09	0.498394231351	1
Brain_Anterior_cingulate_cortex_(BA24)	-2.32121516852e-10	5.73472414856e-09	0.516143375878	1
Brain_Frontal_Cortex_(BA9)	-1.78146144224e-09	5.7280122099e-09	0.622102983597	1
Brain_Hypothalamus	-2.89868022089e-09	6.05627953991e-09	0.683896898879	1
Brain_Substantia_nigra	-3.8378039363e-09	7.06418746741e-09	0.706530127699	1
Brain_Hippocampus	-3.54780834528e-09	6.12745350524e-09	0.71870611629	1
Brain_Caudate_(basal_ganglia)	-4.71671018987e-09	6.29482844844e-09	0.773161567949	1
Brain_Nucleus_accumbens_(basal_ganglia)	-1.09451513122e-08	6.47599267211e-09	0.954496711378	1
Brain_Cerebellum	6.04985220142e-09	7.51473086584e-09	0.210390878631	2
Brain_Amygdala	2.71692700433e-09	6.32508162718e-09	0.333762186714	2
Brain_Putamen_(basal_ganglia)	-7.6449193313e-10	6.1757975413e-09	0.549258581223	2
Brain_Cerebellar_Hemisphere	-8.74277666917e-10	6.95658054781e-09	0.550005939176	2
Brain_Cortex	-1.55752528302e-09	6.33058786674e-09	0.597171152523	2
Brain_Spinal_cord_(cervical_c-1)	-2.13544450974e-09	7.68636316989e-09	0.609425684728	2
Brain_Hypothalamus	-1.72993712815e-09	5.77415160329e-09	0.617758944305	2
Brain_Frontal_Cortex_(BA9)	-3.86207818516e-09	5.71894537489e-09	0.750261538364	2
Brain_Anterior_cingulate_cortex_(BA24)	-4.02399818211e-09	5.77456621737e-09	0.75705121523	2
Brain_Substantia_nigra	-6.9514550102e-09	7.20974226839e-09	0.832520963126	2
Brain_Caudate_(basal_ganglia)	-8.54441210736e-09	6.39517010391e-09	0.909237241889	2
Brain_Hippocampus	-8.58328616984e-09	6.25733118728e-09	0.914924188238	2
Brain_Nucleus_accumbens_(basal_ganglia)	-1.1332792686e-08	6.79427725982e-09	0.952341234021	2
Brain_Amygdala	1.12909354122e-08	4.92212070489e-09	0.0108976389062	3
Brain_Hippocampus	5.83265698009e-09	4.92307126549e-09	0.118056213448	3
Brain_Anterior_cingulate_cortex_(BA24)	5.50114294274e-09	5.12637021127e-09	0.141611591002	3
Brain_Putamen_(basal_ganglia)	5.36487645397e-09	5.32888478147e-09	0.157026485197	3
Brain_Cerebellum	5.6248758584e-09	5.60479398334e-09	0.157789830397	3
Brain_Spinal_cord_(cervical_c-1)	5.02357933496e-09	5.78462416397e-09	0.192577683225	3
Brain_Frontal_Cortex_(BA9)	3.00031113651e-09	4.85899739001e-09	0.268460616121	3
Brain_Cortex	2.72808132299e-09	5.19343628871e-09	0.299689387033	3
Brain_Substantia_nigra	1.38964926015e-09	5.38286645971e-09	0.39814110749	3
Brain_Hypothalamus	6.29797040429e-10	5.44649602767e-09	0.45397153196	3
Brain_Cerebellar_Hemisphere	-1.39919680006e-09	5.8339319244e-09	0.594771959323	3
Brain_Caudate_(basal_ganglia)	-1.36980004787e-09	5.24274833719e-09	0.603059849647	3
Brain_Nucleus_accumbens_(basal_ganglia)	-7.2175741067e-09	5.57435729933e-09	0.902302173646	3
Brain_Cerebellum	2.649438509e-09	5.81987665734e-09	0.32446842549	4
Brain_Putamen_(basal_ganglia)	1.37640208546e-09	5.69383471626e-09	0.404492553047	4
Brain_Amygdala	9.58056577388e-10	5.58015433943e-09	0.431840632493	4
Brain_Cerebellar_Hemisphere	-6.63631387915e-10	5.83877611269e-09	0.545246073727	4
Brain_Substantia_nigra	-1.8570070695e-09	5.74111096362e-09	0.626825715589	4
Brain_Caudate_(basal_ganglia)	-3.58417316406e-09	5.54027349667e-09	0.741161611106	4
Brain_Spinal_cord_(cervical_c-1)	-4.57954280268e-09	5.97686288238e-09	0.778224852617	4
Brain_Frontal_Cortex_(BA9)	-4.75112856614e-09	4.41560870123e-09	0.859033009321	4
Brain_Hypothalamus	-6.59961418552e-09	5.25934921938e-09	0.895230623356	4
Brain_Nucleus_accumbens_(basal_ganglia)	-6.78800111504e-09	5.37024921581e-09	0.896885190583	4
Brain_Hippocampus	-6.5656471222e-09	5.00329695729e-09	0.905284484526	4
Brain_Anterior_cingulate_cortex_(BA24)	-7.60322793853e-09	4.81024924167e-09	0.943018756395	4
Brain_Cortex	-7.87540734364e-09	4.88850168836e-09	0.946410832612	4
Brain_Amygdala	4.1354769383e-09	5.47549730325e-09	0.225043602228	5
Brain_Cortex	3.78751664663e-09	6.10740231166e-09	0.267578919782	5
Brain_Cerebellum	4.64872668403e-09	7.5045655151e-09	0.267808941023	5
Brain_Hippocampus	-9.75608391024e-11	6.09912073076e-09	0.506381163061	5
Brain_Hypothalamus	-9.31217818987e-11	5.61287549768e-09	0.50661844572	5
Brain_Cerebellar_Hemisphere	-1.17210200106e-09	6.69825257807e-09	0.569454775287	5
Brain_Anterior_cingulate_cortex_(BA24)	-1.20380753808e-09	5.20028589486e-09	0.591532427134	5
Brain_Frontal_Cortex_(BA9)	-1.403813567e-09	5.0758232242e-09	0.60894432942	5
Brain_Spinal_cord_(cervical_c-1)	-4.34921815418e-09	7.171316721e-09	0.727900025901	5
Brain_Substantia_nigra	-6.12176209684e-09	6.48903288572e-09	0.827262162203	5
Brain_Putamen_(basal_ganglia)	-5.25138944534e-09	5.45057330086e-09	0.832340719751	5
Brain_Nucleus_accumbens_(basal_ganglia)	-9.20728666522e-09	5.80938085212e-09	0.943505451247	5
Brain_Caudate_(basal_ganglia)	-1.01370543127e-08	5.72474437592e-09	0.961698323485	5
Brain_Hippocampus	9.75597397072e-09	4.75901548504e-09	0.0201822951051	6
Brain_Spinal_cord_(cervical_c-1)	9.45779944616e-09	5.13768775061e-09	0.0328205312654	6
Brain_Putamen_(basal_ganglia)	9.4597729368e-09	5.16430913235e-09	0.0334936208255	6
Brain_Amygdala	8.47812103006e-09	4.69126550825e-09	0.0353644540339	6
Brain_Substantia_nigra	5.75386165197e-09	4.98777816111e-09	0.124333712421	6
Brain_Frontal_Cortex_(BA9)	4.66707185543e-09	4.55132862705e-09	0.152580017022	6
Brain_Cerebellum	2.34837102415e-09	5.33137014667e-09	0.329794129157	6
Brain_Anterior_cingulate_cortex_(BA24)	2.10995133016e-09	4.81172264826e-09	0.33051111051	6
Brain_Cortex	8.7104490385e-10	4.42898786783e-09	0.422043259823	6
Brain_Caudate_(basal_ganglia)	8.63245938812e-10	4.75269302159e-09	0.427935370772	6
Brain_Cerebellar_Hemisphere	8.20754393245e-10	5.41133555869e-09	0.439722361587	6
Brain_Hypothalamus	-6.13865399261e-10	4.80448217085e-09	0.55083423324	6
Brain_Nucleus_accumbens_(basal_ganglia)	-1.16949347825e-09	5.32461792016e-09	0.586923822044	6
Brain_Anterior_cingulate_cortex_(BA24)	1.00427428056e-08	4.65863137905e-09	0.0155524493601	7
Brain_Cerebellum	1.01524653422e-08	5.90437349679e-09	0.042763299759	7
Brain_Amygdala	2.76668718674e-09	5.15893201482e-09	0.295878833518	7
Brain_Hypothalamus	1.92787778625e-09	5.0971563767e-09	0.352631303837	7
Brain_Cortex	4.18554814075e-10	4.77015143208e-09	0.46503985325	7
Brain_Caudate_(basal_ganglia)	-3.03016306628e-10	4.9582424227e-09	0.524365652	7
Brain_Putamen_(basal_ganglia)	-4.64457995017e-10	5.08123661601e-09	0.53641519677	7
Brain_Cerebellar_Hemisphere	-1.01751090565e-09	5.23736759814e-09	0.577021313398	7
Brain_Spinal_cord_(cervical_c-1)	-4.39411702568e-09	6.31189710624e-09	0.756837008857	7
Brain_Frontal_Cortex_(BA9)	-2.84618262666e-09	3.87120580993e-09	0.768896822211	7
Brain_Nucleus_accumbens_(basal_ganglia)	-4.74491373159e-09	5.65058423479e-09	0.799467556212	7
Brain_Hippocampus	-4.41915740598e-09	4.83484533881e-09	0.819647487503	7
Brain_Substantia_nigra	-1.00888339548e-08	5.48972277295e-09	0.966951661815	7
Brain_Amygdala	6.84012414975e-09	5.24846477187e-09	0.0962426825543	8
Brain_Hippocampus	2.32653299842e-09	5.05818813029e-09	0.322774680744	8
Brain_Putamen_(basal_ganglia)	1.34483454865e-09	5.70845370448e-09	0.406876780478	8
Brain_Substantia_nigra	3.31466311039e-10	5.20738046603e-09	0.474623194176	8
Brain_Hypothalamus	2.77987134933e-10	5.40507141532e-09	0.479491122081	8
Brain_Cerebellar_Hemisphere	-1.47826887194e-09	5.44854314457e-09	0.606925430373	8
Brain_Caudate_(basal_ganglia)	-1.59911056094e-09	4.97542767478e-09	0.626046975702	8
Brain_Cerebellum	-2.74400156638e-09	5.8464939902e-09	0.680587179613	8
Brain_Nucleus_accumbens_(basal_ganglia)	-3.66777833854e-09	5.01807784739e-09	0.767583852815	8
Brain_Spinal_cord_(cervical_c-1)	-4.82756650895e-09	5.43862569007e-09	0.812634011892	8
Brain_Anterior_cingulate_cortex_(BA24)	-6.18139576501e-09	4.80708282461e-09	0.900759854955	8
Brain_Frontal_Cortex_(BA9)	-7.89375556221e-09	4.32619278454e-09	0.965972508245	8
Brain_Cortex	-1.24015155967e-08	4.80414081766e-09	0.995080291201	8
Brain_Amygdala	1.11831463967e-09	4.36655280953e-09	0.398933233242	9
Brain_Cerebellum	1.03456695373e-09	4.97897043257e-09	0.417697514409	9
Brain_Hippocampus	6.51687825875e-10	4.25844641013e-09	0.439185663149	9
Brain_Putamen_(basal_ganglia)	-6.19092573644e-10	4.90820507047e-09	0.55018715634	9
Brain_Cortex	-1.64077541345e-09	5.17146619857e-09	0.624482415515	9
Brain_Substantia_nigra	-1.7973396958e-09	5.44760076398e-09	0.629274458628	9
Brain_Nucleus_accumbens_(basal_ganglia)	-1.65335962191e-09	4.25193557887e-09	0.651305963533	9
Brain_Spinal_cord_(cervical_c-1)	-2.21052333833e-09	4.80987261368e-09	0.677091296689	9
Brain_Caudate_(basal_ganglia)	-2.45526975477e-09	4.51519316348e-09	0.706703412194	9
Brain_Cerebellar_Hemisphere	-3.1214437038e-09	4.62519538617e-09	0.750123435541	9
Brain_Hypothalamus	-4.66356993138e-09	4.3928896349e-09	0.85579539044	9
Brain_Anterior_cingulate_cortex_(BA24)	-4.74542746563e-09	4.36376153505e-09	0.861583790764	9
Brain_Frontal_Cortex_(BA9)	-5.90533465372e-09	4.27793040491e-09	0.916271100046	9
Brain_Amygdala	7.93600968817e-09	5.49368957826e-09	0.074289594367	10
Brain_Hypothalamus	5.78940591943e-09	5.47865647912e-09	0.145319695376	10
Brain_Cerebellum	4.14643694687e-09	6.84641304311e-09	0.272378112876	10
Brain_Cortex	1.95513318562e-09	6.1166496025e-09	0.374620171298	10
Brain_Hippocampus	1.03724081612e-10	5.58876481203e-09	0.492596298537	10
Brain_Frontal_Cortex_(BA9)	-1.66316704261e-09	5.10237548979e-09	0.627772447873	10
Brain_Nucleus_accumbens_(basal_ganglia)	-2.55334772084e-09	5.22715220569e-09	0.687394270677	10
Brain_Putamen_(basal_ganglia)	-3.61407539561e-09	5.02151357737e-09	0.764150782781	10
Brain_Anterior_cingulate_cortex_(BA24)	-3.75554365075e-09	5.06180738269e-09	0.77093733432	10
Brain_Spinal_cord_(cervical_c-1)	-4.91965069299e-09	6.42233470835e-09	0.778168441032	10
Brain_Substantia_nigra	-6.306406975e-09	5.90192574936e-09	0.857360097288	10
Brain_Cerebellar_Hemisphere	-6.56396191547e-09	5.92090997627e-09	0.866200109429	10
Brain_Caudate_(basal_ganglia)	-6.1410874047e-09	4.82108793344e-09	0.898632317818	10
Brain_Cerebellar_Hemisphere	1.00515422036e-08	5.90696841214e-09	0.0444113025957	11
Brain_Cerebellum	5.27899177658e-09	6.37941424225e-09	0.203975684694	11
Brain_Anterior_cingulate_cortex_(BA24)	2.74017527021e-09	4.64623040505e-09	0.277674740635	11
Brain_Spinal_cord_(cervical_c-1)	2.66317495485e-09	5.68406196239e-09	0.31970146519	11
Brain_Cortex	2.26053429911e-09	5.19357213396e-09	0.331688248811	11
Brain_Hippocampus	1.70214334022e-09	4.75288822419e-09	0.360123685296	11
Brain_Frontal_Cortex_(BA9)	1.2852025665e-09	4.42195278902e-09	0.385662795304	11
Brain_Substantia_nigra	-7.11452848859e-10	5.60484727424e-09	0.550504187806	11
Brain_Amygdala	-1.17100926486e-09	4.8046851854e-09	0.596277076872	11
Brain_Putamen_(basal_ganglia)	-4.29543411487e-09	5.07389996769e-09	0.801383822145	11
Brain_Hypothalamus	-7.8993166843e-09	4.81158525252e-09	0.949676859704	11
Brain_Caudate_(basal_ganglia)	-9.6739571626e-09	4.80296983503e-09	0.978003712396	11
Brain_Nucleus_accumbens_(basal_ganglia)	-1.27844583095e-08	4.99067104671e-09	0.994791505757	11
Brain_Spinal_cord_(cervical_c-1)	1.17975157087e-08	5.49855825998e-09	0.0159538388771	12
Brain_Hippocampus	1.02565110196e-08	4.92481062575e-09	0.0186429196304	12
Brain_Amygdala	7.87699554438e-09	4.81306119172e-09	0.0508583497879	12
Brain_Substantia_nigra	8.35726550881e-09	5.6647460092e-09	0.0700643943511	12
Brain_Hypothalamus	6.37368649715e-09	4.60256353052e-09	0.0830549374892	12
Brain_Cerebellum	3.59967737364e-09	5.03045433668e-09	0.23712629287	12
Brain_Frontal_Cortex_(BA9)	2.90384805073e-09	4.59723518172e-09	0.263807487198	12
Brain_Anterior_cingulate_cortex_(BA24)	1.67055039226e-09	5.01770610598e-09	0.369593148054	12
Brain_Putamen_(basal_ganglia)	-6.30879099349e-10	5.15719294685e-09	0.548681138978	12
Brain_Cortex	-7.14151640391e-10	4.58505838624e-09	0.561887433501	12
Brain_Cerebellar_Hemisphere	-1.59330226688e-09	4.88300235549e-09	0.627899648012	12
Brain_Caudate_(basal_ganglia)	-1.72566025741e-09	4.51559450539e-09	0.648827067036	12
Brain_Nucleus_accumbens_(basal_ganglia)	-2.31514614337e-09	4.94868925639e-09	0.68004697875	12
Brain_Putamen_(basal_ganglia)	8.99674939303e-09	4.80034873688e-09	0.0304523535526	13
Brain_Cerebellar_Hemisphere	6.95384751186e-09	4.63159759235e-09	0.0666269909908	13
Brain_Amygdala	5.5012453221e-09	4.0920541785e-09	0.0894139724088	13
Brain_Anterior_cingulate_cortex_(BA24)	4.64779144154e-09	3.50955298911e-09	0.0926974388546	13
Brain_Frontal_Cortex_(BA9)	4.43541002281e-09	4.06286290169e-09	0.137483434499	13
Brain_Hippocampus	3.05508716544e-09	4.12657551731e-09	0.229545516594	13
Brain_Cortex	2.60773100388e-09	4.44942351451e-09	0.278909905966	13
Brain_Spinal_cord_(cervical_c-1)	2.19458052626e-09	4.89261260551e-09	0.326878218051	13
Brain_Caudate_(basal_ganglia)	7.54656141012e-10	4.36234587312e-09	0.431328389127	13
Brain_Cerebellum	3.98230389046e-10	5.30177880708e-09	0.470062561532	13
Brain_Nucleus_accumbens_(basal_ganglia)	-1.04817948225e-09	4.04314399691e-09	0.602278288298	13
Brain_Substantia_nigra	-2.27928381103e-09	4.37373790063e-09	0.698861716363	13
Brain_Hypothalamus	-3.38956178844e-09	4.25129486883e-09	0.787361889583	13
Brain_Anterior_cingulate_cortex_(BA24)	6.62344253418e-09	4.63678804898e-09	0.0765804857796	14
Brain_Cerebellum	6.8912573417e-09	5.46596530807e-09	0.103698095882	14
Brain_Hypothalamus	3.61294430485e-09	4.98979567715e-09	0.23451242954	14
Brain_Amygdala	1.68253229861e-09	5.03068545422e-09	0.369018541514	14
Brain_Cerebellar_Hemisphere	-4.58456076797e-10	4.86003272948e-09	0.537577241175	14
Brain_Cortex	-1.84206719161e-09	5.15529064787e-09	0.639572326781	14
Brain_Putamen_(basal_ganglia)	-2.74737725582e-09	5.25469758001e-09	0.699457939316	14
Brain_Frontal_Cortex_(BA9)	-2.81965365166e-09	4.03868893719e-09	0.757461630681	14
Brain_Spinal_cord_(cervical_c-1)	-4.3252367093e-09	5.97444686899e-09	0.765453628518	14
Brain_Caudate_(basal_ganglia)	-4.7502808578e-09	5.14846070833e-09	0.821907897742	14
Brain_Nucleus_accumbens_(basal_ganglia)	-5.71497658136e-09	5.35283595442e-09	0.857161686517	14
Brain_Hippocampus	-5.3850658278e-09	4.75180019808e-09	0.871449257382	14
Brain_Substantia_nigra	-7.26353333836e-09	5.43369693316e-09	0.909349043181	14
Brain_Caudate_(basal_ganglia)	6.34690282269e-09	3.88577609039e-09	0.0511957979336	15
Brain_Anterior_cingulate_cortex_(BA24)	5.17249902428e-09	4.36164842874e-09	0.117829984154	15
Brain_Cortex	4.22356408367e-09	4.2137721484e-09	0.158093617318	15
Brain_Putamen_(basal_ganglia)	2.9121609817e-09	4.5647564796e-09	0.261747795934	15
Brain_Nucleus_accumbens_(basal_ganglia)	2.6073186575e-09	4.31109452633e-09	0.272658360093	15
Brain_Amygdala	2.49732973997e-09	4.57671315502e-09	0.292649803196	15
Brain_Cerebellar_Hemisphere	1.03082174892e-09	5.06549235034e-09	0.419372581407	15
Brain_Cerebellum	9.35297498281e-11	6.03020675949e-09	0.493812571081	15
Brain_Hypothalamus	-4.30193960299e-11	4.11198513875e-09	0.504173639326	15
Brain_Spinal_cord_(cervical_c-1)	-5.46909594138e-10	4.93328282343e-09	0.544136788309	15
Brain_Substantia_nigra	-8.78217438329e-10	4.80893097268e-09	0.572452758476	15
Brain_Frontal_Cortex_(BA9)	-1.51813087965e-09	4.20816006518e-09	0.640860127077	15
Brain_Hippocampus	-3.28853311845e-09	4.1284121737e-09	0.787147052022	15
Brain_Amygdala	2.14211035429e-09	5.17034112817e-09	0.339324514241	16
Brain_Caudate_(basal_ganglia)	-2.48892496272e-10	4.24928595451e-09	0.523353804529	16
Brain_Nucleus_accumbens_(basal_ganglia)	-8.91188502318e-10	4.53878793793e-09	0.577831669337	16
Brain_Hypothalamus	-1.19718421306e-09	5.18603212481e-09	0.591283485488	16
Brain_Putamen_(basal_ganglia)	-1.71715911258e-09	4.6628206479e-09	0.643662613332	16
Brain_Substantia_nigra	-2.54164708159e-09	4.83291756539e-09	0.700522286583	16
Brain_Hippocampus	-2.66008867134e-09	4.71294129391e-09	0.713766581423	16
Brain_Cerebellar_Hemisphere	-3.34215657466e-09	5.43569579388e-09	0.730674262476	16
Brain_Anterior_cingulate_cortex_(BA24)	-4.16153900597e-09	4.56043286762e-09	0.81925552319	16
Brain_Spinal_cord_(cervical_c-1)	-4.98370743004e-09	5.19213618791e-09	0.831436364453	16
Brain_Cerebellum	-6.62331411629e-09	5.69861674693e-09	0.877436483972	16
Brain_Frontal_Cortex_(BA9)	-5.31827166039e-09	4.2035936382e-09	0.897095276002	16
Brain_Cortex	-7.18963818459e-09	4.72432811617e-09	0.935974528233	16
Brain_Cerebellum	1.09146454438e-08	6.18348761901e-09	0.038771150869	17
Brain_Amygdala	5.52453456423e-09	5.15940077368e-09	0.142136298933	17
Brain_Cerebellar_Hemisphere	5.33440067075e-09	5.5073603558e-09	0.166373696334	17
Brain_Putamen_(basal_ganglia)	3.98124110501e-09	6.57034191777e-09	0.272276887725	17
Brain_Nucleus_accumbens_(basal_ganglia)	1.99045895487e-09	5.30580923877e-09	0.353775534546	17
Brain_Caudate_(basal_ganglia)	1.47092557873e-09	5.9388053651e-09	0.402190856128	17
Brain_Substantia_nigra	8.60964254083e-10	5.86873456917e-09	0.441683004263	17
Brain_Hypothalamus	-1.92352127766e-09	4.77390979956e-09	0.656497812717	17
Brain_Hippocampus	-3.1275601608e-09	5.00535262301e-09	0.733962987265	17
Brain_Anterior_cingulate_cortex_(BA24)	-5.65327434762e-09	4.85845240505e-09	0.877706053438	17
Brain_Cortex	-8.63247402143e-09	5.6807322831e-09	0.935694966886	17
Brain_Frontal_Cortex_(BA9)	-9.47635825117e-09	4.37790995239e-09	0.98479025995	17
Brain_Spinal_cord_(cervical_c-1)	-1.4612261778e-08	6.00698297854e-09	0.992503454338	17
Brain_Putamen_(basal_ganglia)	4.2482830692e-09	4.62315610151e-09	0.179070266779	18
Brain_Amygdala	3.46447589116e-09	4.24464438657e-09	0.20719307088	18
Brain_Cortex	2.63682002868e-09	4.8005092164e-09	0.291406917789	18
Brain_Hippocampus	1.4016560444e-09	4.11993584084e-09	0.366848035924	18
Brain_Cerebellum	9.56347975604e-10	5.24113220483e-09	0.42760705396	18
Brain_Frontal_Cortex_(BA9)	-2.04359103053e-10	4.22087114434e-09	0.519307778658	18
Brain_Spinal_cord_(cervical_c-1)	-5.89353799962e-10	4.72513809646e-09	0.549630285013	18
Brain_Nucleus_accumbens_(basal_ganglia)	-5.98310781614e-10	4.03444695795e-09	0.558947217046	18
Brain_Caudate_(basal_ganglia)	-8.6804278231e-10	4.12544265301e-09	0.583326949684	18
Brain_Cerebellar_Hemisphere	-1.73987635143e-09	4.77632473661e-09	0.642172154972	18
Brain_Substantia_nigra	-3.26125913758e-09	4.9462161337e-09	0.745162631456	18
Brain_Anterior_cingulate_cortex_(BA24)	-2.70275742246e-09	3.97990009243e-09	0.751463327403	18
Brain_Hypothalamus	-1.03490180229e-08	4.39751218132e-09	0.990698198844	18
Brain_Hypothalamus	4.96089611332e-09	3.95776921204e-09	0.105019600311	19
Brain_Substantia_nigra	2.54361188564e-09	5.07260272522e-09	0.308030332892	19
Brain_Cortex	2.27579842854e-09	5.14247370887e-09	0.329045861491	19
Brain_Nucleus_accumbens_(basal_ganglia)	1.63215745116e-09	4.42329513734e-09	0.356067102388	19
Brain_Spinal_cord_(cervical_c-1)	1.32303431427e-09	4.97136415462e-09	0.395069145008	19
Brain_Frontal_Cortex_(BA9)	-7.04310738494e-10	3.93182601553e-09	0.571082460834	19
Brain_Amygdala	-1.37206483871e-09	4.34419415386e-09	0.623937546809	19
Brain_Hippocampus	-2.06430450703e-09	4.47915415727e-09	0.677553799937	19
Brain_Caudate_(basal_ganglia)	-2.50251278284e-09	4.63907631705e-09	0.705209059461	19
Brain_Cerebellum	-2.77953153822e-09	4.65598963125e-09	0.724739550602	19
Brain_Putamen_(basal_ganglia)	-4.76835046961e-09	5.38312322227e-09	0.812136339832	19
Brain_Cerebellar_Hemisphere	-4.93289928049e-09	4.71374211055e-09	0.852333319123	19
Brain_Anterior_cingulate_cortex_(BA24)	-5.28320950149e-09	4.13994621554e-09	0.899049481776	19
Brain_Hypothalamus	8.97668602205e-09	5.66947449961e-09	0.0566723916887	20
Brain_Cerebellum	1.0368941526e-08	7.17149368618e-09	0.0741089081343	20
Brain_Cortex	5.16010027733e-09	6.37799071518e-09	0.209243784525	20
Brain_Anterior_cingulate_cortex_(BA24)	2.08707737955e-09	5.41458439607e-09	0.349950255608	20
Brain_Amygdala	1.82263915219e-09	5.61498392499e-09	0.372740877616	20
Brain_Cerebellar_Hemisphere	1.10384356456e-10	5.82319440595e-09	0.492438110999	20
Brain_Frontal_Cortex_(BA9)	-1.45097895086e-09	5.20337413709e-09	0.609821362181	20
Brain_Hippocampus	-4.27560327051e-09	5.81968635386e-09	0.768732594141	20
Brain_Nucleus_accumbens_(basal_ganglia)	-5.53024000809e-09	5.70972957864e-09	0.833618678841	20
Brain_Putamen_(basal_ganglia)	-8.8161774713e-09	4.96127238496e-09	0.962215821107	20
Brain_Caudate_(basal_ganglia)	-1.0097965397e-08	5.14696093218e-09	0.975114550794	20
Brain_Spinal_cord_(cervical_c-1)	-1.45054495761e-08	6.40852067203e-09	0.98819641924	20
Brain_Substantia_nigra	-1.41916759122e-08	6.18838640375e-09	0.989083930179	20
Brain_Amygdala	6.09841714144e-09	4.36992457642e-09	0.0814260963274	21
Brain_Hypothalamus	4.18724585454e-09	4.75405085113e-09	0.189219993758	21
Brain_Putamen_(basal_ganglia)	2.76241902032e-09	4.52546131338e-09	0.270792768114	21
Brain_Substantia_nigra	2.88729135132e-09	5.20027929704e-09	0.289372602949	21
Brain_Caudate_(basal_ganglia)	1.52499180971e-09	4.08291827094e-09	0.354386182862	21
Brain_Frontal_Cortex_(BA9)	1.53137245493e-09	4.151082084e-09	0.356097695284	21
Brain_Cortex	1.03218335299e-09	4.40156756146e-09	0.40729702692	21
Brain_Anterior_cingulate_cortex_(BA24)	6.34309121169e-10	3.89784073985e-09	0.43536414932	21
Brain_Nucleus_accumbens_(basal_ganglia)	-3.31061154491e-10	4.03590501718e-09	0.532688164082	21
Brain_Hippocampus	-3.94354969554e-10	4.79686492997e-09	0.532760529114	21
Brain_Spinal_cord_(cervical_c-1)	-8.17863924714e-10	5.13121118364e-09	0.56331920485	21
Brain_Cerebellum	-3.43448420711e-09	5.92746173725e-09	0.718846771051	21
Brain_Cerebellar_Hemisphere	-9.98792691452e-09	5.27701467192e-09	0.970802640365	21
Brain_Cerebellum	4.88394098173e-09	8.01671899624e-09	0.271189501379	22
Brain_Putamen_(basal_ganglia)	1.95069287541e-09	6.020108852e-09	0.372957849271	22
Brain_Cerebellar_Hemisphere	1.75464584446e-09	7.04081936101e-09	0.401598993663	22
Brain_Amygdala	1.05770773697e-09	5.35773343537e-09	0.421750608157	22
Brain_Hippocampus	3.96979810492e-10	5.59236428811e-09	0.471704431865	22
Brain_Hypothalamus	-1.67082260684e-09	5.43651233941e-09	0.620705247216	22
Brain_Spinal_cord_(cervical_c-1)	-2.42041604238e-09	6.19540302911e-09	0.651982868582	22
Brain_Cortex	-3.11841735485e-09	6.09439499924e-09	0.695564650463	22
Brain_Frontal_Cortex_(BA9)	-3.42520321342e-09	5.16390097146e-09	0.746430019046	22
Brain_Substantia_nigra	-4.99692934034e-09	5.68127106258e-09	0.810446876339	22
Brain_Caudate_(basal_ganglia)	-9.0925529742e-09	5.76985113187e-09	0.94247246996	22
Brain_Anterior_cingulate_cortex_(BA24)	-7.9840385233e-09	4.8031820324e-09	0.951767610662	22
Brain_Nucleus_accumbens_(basal_ganglia)	-1.16332985795e-08	5.8303809595e-09	0.976994349048	22
Brain_Cerebellar_Hemisphere	6.9992467014e-09	4.69296160662e-09	0.0679236761434	23
Brain_Cerebellum	4.54959125242e-09	4.86761422238e-09	0.174980346844	23
Brain_Spinal_cord_(cervical_c-1)	3.66704091381e-09	4.47776930783e-09	0.206409271109	23
Brain_Substantia_nigra	3.09956730131e-09	4.6704371465e-09	0.253455002093	23
Brain_Cortex	1.91820794721e-09	4.88615730631e-09	0.347314833265	23
Brain_Anterior_cingulate_cortex_(BA24)	1.11297178735e-09	4.34204068614e-09	0.398850106643	23
Brain_Putamen_(basal_ganglia)	-5.86561375179e-12	5.03255964637e-09	0.500464980241	23
Brain_Hippocampus	-2.32382355993e-10	4.43827206641e-09	0.520878577195	23
Brain_Caudate_(basal_ganglia)	-3.57593071119e-10	4.45157024242e-09	0.532012460691	23
Brain_Frontal_Cortex_(BA9)	-1.54257075899e-09	4.12311024549e-09	0.645845435216	23
Brain_Nucleus_accumbens_(basal_ganglia)	-1.59615406007e-09	4.25200787608e-09	0.646314152027	23
Brain_Amygdala	-2.00178095669e-09	4.52017682653e-09	0.671064534734	23
Brain_Hypothalamus	-2.90185923698e-09	4.41159938188e-09	0.744660056468	23
Brain_Caudate_(basal_ganglia)	9.18860103329e-09	4.40861425177e-09	0.0185692651771	24
Brain_Substantia_nigra	9.99368991354e-09	5.54038255352e-09	0.0356320708094	24
Brain_Spinal_cord_(cervical_c-1)	8.28508303512e-09	5.22784869173e-09	0.056506142739	24
Brain_Hypothalamus	7.36930439065e-09	4.66059252384e-09	0.0569167586815	24
Brain_Hippocampus	1.69054680765e-09	4.73450309964e-09	0.360519876334	24
Brain_Putamen_(basal_ganglia)	1.10326333579e-09	4.91135467699e-09	0.411131523999	24
Brain_Amygdala	6.28446129485e-10	4.82066268281e-09	0.448138792086	24
Brain_Cerebellar_Hemisphere	3.18378609458e-10	5.42224773097e-09	0.47658872338	24
Brain_Cerebellum	-4.37647730894e-10	5.88614986681e-09	0.529634897653	24
Brain_Nucleus_accumbens_(basal_ganglia)	-7.22464013374e-10	4.75903865494e-09	0.560331134876	24
Brain_Anterior_cingulate_cortex_(BA24)	-1.42558863238e-09	4.99067292526e-09	0.612427121516	24
Brain_Frontal_Cortex_(BA9)	-1.55411559419e-09	5.096849881e-09	0.619785272685	24
Brain_Cortex	-3.12139033083e-09	4.72888959084e-09	0.745395014604	24
Brain_Cerebellum	8.5432539364e-09	4.96037207684e-09	0.0425075006294	25
Brain_Spinal_cord_(cervical_c-1)	7.35833681157e-09	4.5149716289e-09	0.0515757255672	25
Brain_Hippocampus	5.67870621946e-09	4.09926497202e-09	0.0829805836444	25
Brain_Substantia_nigra	6.07462053256e-09	4.57558582191e-09	0.0921525130033	25
Brain_Frontal_Cortex_(BA9)	3.90930695297e-09	4.06717366749e-09	0.168229539523	25
Brain_Anterior_cingulate_cortex_(BA24)	3.65982103501e-09	4.42001107142e-09	0.2038319271	25
Brain_Hypothalamus	3.71251965692e-09	4.62272824378e-09	0.210958056015	25
Brain_Cortex	2.29609047763e-09	4.11402012367e-09	0.28838341581	25
Brain_Amygdala	1.89968994706e-09	4.12325767331e-09	0.322497779341	25
Brain_Cerebellar_Hemisphere	1.55234776331e-10	5.15360726992e-09	0.487985046435	25
Brain_Putamen_(basal_ganglia)	-2.95019663169e-09	4.66784143731e-09	0.736315019613	25
Brain_Nucleus_accumbens_(basal_ganglia)	-4.45512024804e-09	4.45748012066e-09	0.841216608371	25
Brain_Caudate_(basal_ganglia)	-4.67485702886e-09	4.32179237155e-09	0.860305747725	25
Brain_Putamen_(basal_ganglia)	8.44734529694e-09	4.67181761313e-09	0.0352916076799	26
Brain_Cerebellar_Hemisphere	6.90437455722e-09	5.04192195485e-09	0.0854381709325	26
Brain_Cerebellum	6.83350838638e-09	5.69291733813e-09	0.115001205908	26
Brain_Frontal_Cortex_(BA9)	3.3299648398e-09	4.13739468105e-09	0.210454326691	26
Brain_Anterior_cingulate_cortex_(BA24)	2.68393023847e-09	3.68034465492e-09	0.232921143558	26
Brain_Amygdala	1.63950461507e-09	4.00301257925e-09	0.341061551207	26
Brain_Cortex	1.92007945536e-09	4.77278918417e-09	0.343732678315	26
Brain_Spinal_cord_(cervical_c-1)	1.85590912489e-09	4.97664694452e-09	0.354602651098	26
Brain_Nucleus_accumbens_(basal_ganglia)	-6.09435433004e-11	4.43697387978e-09	0.505479453415	26
Brain_Caudate_(basal_ganglia)	-9.4692541108e-11	4.25651313171e-09	0.508874339476	26
Brain_Hippocampus	-1.10444693641e-10	4.16440255158e-09	0.510579162972	26
Brain_Substantia_nigra	-5.16163834467e-10	4.58022855695e-09	0.544863382573	26
Brain_Hypothalamus	-7.64481207883e-09	4.18477288771e-09	0.966136316456	26
Brain_Putamen_(basal_ganglia)	8.19046125324e-09	5.14406304626e-09	0.0556680511237	27
Brain_Amygdala	6.8390639282e-09	4.40833909415e-09	0.0604038333423	27
Brain_Anterior_cingulate_cortex_(BA24)	5.88439646777e-09	4.28402615757e-09	0.084788091581	27
Brain_Hypothalamus	4.78954698052e-09	4.17533659204e-09	0.125669237588	27
Brain_Hippocampus	4.95385288494e-09	4.69882580938e-09	0.145878598127	27
Brain_Caudate_(basal_ganglia)	4.45989272334e-09	4.35441766267e-09	0.152865087134	27
Brain_Frontal_Cortex_(BA9)	3.85698354104e-09	4.58583389562e-09	0.20015581224	27
Brain_Nucleus_accumbens_(basal_ganglia)	2.98754317847e-09	3.99719065556e-09	0.227407835764	27
Brain_Cortex	1.5382769901e-09	4.88576952147e-09	0.376438359374	27
Brain_Spinal_cord_(cervical_c-1)	4.93115793022e-10	4.58224647731e-09	0.457150779299	27
Brain_Substantia_nigra	-2.72057982176e-09	4.45348268488e-09	0.729363186559	27
Brain_Cerebellar_Hemisphere	-4.45780717347e-09	4.57608645641e-09	0.835009647613	27
Brain_Cerebellum	-6.39309432477e-09	4.67724992439e-09	0.914163677897	27
Brain_Anterior_cingulate_cortex_(BA24)	7.78189334735e-09	4.44813378807e-09	0.0401045802699	28
Brain_Amygdala	7.2934514882e-09	4.94635003035e-09	0.0701719214437	28
Brain_Cerebellum	6.94330097834e-09	5.64941595128e-09	0.109530302642	28
Brain_Hippocampus	4.20560430323e-09	5.11423567371e-09	0.205443725687	28
Brain_Frontal_Cortex_(BA9)	2.70388579814e-09	4.3794584545e-09	0.268484847552	28
Brain_Cortex	1.51411408523e-09	5.72184443236e-09	0.395651131873	28
Brain_Spinal_cord_(cervical_c-1)	8.34292085909e-10	5.73555660511e-09	0.442173983714	28
Brain_Hypothalamus	3.86281305424e-10	4.50144141992e-09	0.465807614382	28
Brain_Cerebellar_Hemisphere	2.15994370848e-10	5.37186779871e-09	0.483963478413	28
Brain_Nucleus_accumbens_(basal_ganglia)	-7.12397324178e-10	5.03713536498e-09	0.55623450113	28
Brain_Caudate_(basal_ganglia)	-2.15643335971e-09	4.77382176519e-09	0.674264841458	28
Brain_Substantia_nigra	-3.94301812572e-09	5.30651221055e-09	0.771275106861	28
Brain_Putamen_(basal_ganglia)	-4.30408999524e-09	4.88109928527e-09	0.811054004025	28
