index,x,y,z,x.1,y.1,z.1,x.2,y.2,z.2,x.3,y.3,z.3,x.4,y.4,z.4,x.5,y.5,z.5,x.6,y.6,z.6,x.7,y.7,z.7,x.8,y.8,z.8,x.9,y.9,z.9,x.10,y.10,z.10,x.11,y.11,z.11,x.12,y.12,z.12,x.13,y.13,z.13,x.14,y.14,z.14,x.15,y.15,z.15,x.16,y.16,z.16,x.17,y.17,z.17,x.18,y.18,z.18,x.19,y.19,z.19,x.20,y.20,z.20,x.21,y.21,z.21,x.22,y.22,z.22,x.23,y.23,z.23,x.24,y.24,z.24,x.25,y.25,z.25,x.26,y.26,z.26,x.27,y.27,z.27,x.28,y.28,z.28,x.29,y.29,z.29,x.30,y.30,z.30,x.31,y.31,z.31,x.32,y.32,z.32,x.33,y.33,z.33,x.34,y.34,z.34,x.35,y.35,z.35
id_1_1_1,-0.4933,0.013,0,-0.0777,0.0832,0,0.2231,0.0861,0,0.2641,0.0462,0,0.2645,0.0261,0,0.2471,3e-04,0,0.2311,-0.0228,0,0.204,-0.0452,0,0.1282,-0.0742,0,0.0424,-0.0966,0,-0.0674,-0.1108,0,-0.4102,-0.0163,0,-0.314,0.0318,0,-0.1768,0.0341,0,0.0715,0.0509,0,-0.054,0.0238,0,0.0575,-0.0059,0,-0.1401,-0.024,0,-0.489586628502901,-0.0268227081240647,-0.0692741772280967,-0.0770758268702825,0.0869799575547926,0.00663573761052116,0.224329693724236,0.086773218399661,0.00242819048000856,0.259425660520814,0.0634212507127922,-0.0309073256209363,0.254965371734762,0.0399405894172806,-0.0291103616384619,0.23815984506133,0.0176836346029697,0.0338578110191869,0.22101616827989,-0.0180450224409236,0.019310111890936,0.207597884062039,-0.0431685416520458,-0.00715645011371216,0.134339433266889,-0.0734267126037887,-0.0107178282644939,0.0527286081277213,-0.0849278330914369,-0.0269955344194584,-0.0541466575901974,-0.1062185976855,-0.0242882892892094,-0.406574107793154,-0.016495994173343,0.00628939774819148,-0.308906186369289,0.000799368606843428,0.0544146878355132,-0.169534675019289,0.0361105301833413,0.0130568578180354,0.056763081112624,0.0632254230694417,-0.0332757944518456,-0.0443104120513957,0.0294719539211342,0.0194467870788885,0.0579146037254955,-0.00194053442151786,0.00689549068226034,-0.142891539206196,-0.0311935818005808,0.0133649141704735
id_1_2_1,-0.4814,0.0135,0,-0.0058,0.078,0,0.2345,0.0644,0,0.246,0.0467,0,0.2487,0.0281,0,0.243,0.0115,0,0.2316,-0.0039,0,0.1956,-0.0305,0,0.1462,-0.0545,0,0.0483,-0.0866,0,-0.052,-0.1047,0,-0.4016,-0.025,0,-0.3868,0.0166,0,-0.1808,0.0229,0,0.0484,0.0405,0,-0.0519,0.0164,0,0.0623,-0.0047,0,-0.1444,-0.0286,0,-0.477714807507021,-0.0260205125971177,-0.0687484885575512,-0.00571211979413425,0.0785321976103478,0.000934276019776137,0.235914373001502,0.0651743244596833,0.002792863775541,0.242009855540772,0.0614005322182095,-0.0263833413523074,0.242175050234427,0.0375717012726055,-0.0199214528416521,0.236766236281472,0.0236212072304713,0.023608270255726,0.224957148650841,-0.000767598550803009,0.0127207797975545,0.19923579724893,-0.0284471348866587,-0.00723186216867386,0.142258709649664,-0.0549964220670271,0.00688045154643617,0.0548516690856314,-0.0791960812772134,-0.0171238763363832,-0.0465665486725664,-0.102821769911504,-0.00995743063138083,-0.402496030589949,-0.0249515659140568,-0.00155423615850919,-0.381965215772795,-0.012824194632757,0.0516476050260804,-0.170237485762575,0.0258229599147592,0.0189823919735446,0.0379001458860144,0.0492816961680607,-0.0237085506096289,-0.0413793309703146,0.0225584404076207,0.0211147482878483,0.0626264282421843,-0.00158261028713972,0.00542899825542687,-0.146134424007744,-0.033069477250726,0.00830381602639375
id_1_1_2,-0.4622,0.0159,0,0.0089,0.0689,0,0.2404,0.0545,0,0.2501,0.0424,0,0.26,0.023,0,0.2541,0.0039,0,0.2369,-0.0105,0,0.1957,-0.0305,0,0.1249,-0.048,0,0.0146,-0.072,0,-0.0758,-0.0865,0,-0.4104,-0.02,0,-0.3919,0.019,0,-0.1724,0.0182,0,0.0577,0.0344,0,-0.0468,0.0115,0,0.0766,-0.0079,0,-0.1602,-0.0162,0,-0.458486628502901,-0.0239227081240647,-0.0692741772280967,0.00952417312971749,0.0726799575547926,0.00663573761052116,0.241629693724236,0.055173218399661,0.00242819048000856,0.245425660520813,0.0596212507127922,-0.0309073256209363,0.250465371734762,0.0368405894172806,-0.0291103616384619,0.24515984506133,0.0212836346029697,0.0338578110191869,0.22681616827989,-0.00574502244092359,0.019310111890936,0.199297884062039,-0.0284685416520458,-0.00715645011371216,0.131039433266889,-0.0472267126037887,-0.0107178282644938,0.0249286081277213,-0.0603278330914369,-0.0269955344194584,-0.0625466575901974,-0.0819185976855003,-0.0242882892892094,-0.406774107793154,-0.020195994173343,0.00628939774819143,-0.386806186369289,-0.0120006313931566,0.0544146878355132,-0.165134675019289,0.0202105301833413,0.0130568578180353,0.042963081112624,0.0467254230694417,-0.0332757944518456,-0.0371104120513957,0.0171719539211342,0.0194467870788885,0.0770146037254955,-0.00394053442151786,0.00689549068226034,-0.162991539206196,-0.0233935818005808,0.0133649141704735
id_1_2_2,-0.4534,-0.0028,0,-0.0318,0.0738,0,0.2423,0.0808,0,0.2627,0.0559,0,0.2654,0.0322,0,0.2579,0.0143,0,0.2426,0.0018,0,0.1851,-0.0313,0,0.1191,-0.0581,0,0.0203,-0.0847,0,-0.0919,-0.0957,0,-0.3862,-0.0289,0,-0.4051,-0.0072,0,-0.1536,0.015,0,0.0617,0.0436,0,-0.0549,0.0217,0,0.0705,-0.0031,0,-0.1507,-0.0273,0,-0.450588906541481,-0.0329465539861832,-0.0524418810782293,-0.0310294959793875,0.0784661292437095,0.00819141719694109,0.237259728782217,0.0780406110105174,-0.00995267223575039,0.259299790914275,0.0684270861053032,-0.0224826138237747,0.257145445411922,0.0441824179504354,-0.0252021434437512,0.250677340219497,0.0283440606843125,0.0273533793968618,0.23255707294652,0.00653568917968961,0.0192317811817946,0.192887935995508,-0.0269027300161415,-0.0154907647049214,0.128720280211664,-0.0568882853168514,-0.0167944672875594,0.0325284136429608,-0.0708808984034833,-0.0319609919663736,-0.0700355139550715,-0.0881419060585432,-0.0400692101508163,-0.394878696285506,-0.0284308812818646,-0.0150538873638439,-0.401928594488347,-0.0265009757310763,0.0338785541496802,-0.154654761729801,0.0147081162508726,-0.00189556199818783,0.0480500291772029,0.0550163392336121,-0.0308214781423665,-0.0444174789543642,0.0278361098803722,0.0210381861339944,0.070699099807489,-0.00119859683848052,0.00331133268457509,-0.15224137463698,-0.0312720038722168,0.00737956310341537
id_2_1_1,-0.4926,-0.0212,0,-0.026,0.0708,0,0.2347,0.0679,0,0.2398,0.0584,0,0.2415,0.0355,0,0.2337,0.0187,0,0.2163,0.001,0,0.192,-0.0171,0,0.1271,-0.0443,0,0.0427,-0.0699,0,-0.0516,-0.1016,0,-0.4242,-0.0505,0,-0.397,-0.0018,0,-0.1374,0.0154,0,0.0762,0.0457,0,-0.0313,0.017,0,0.088,0.0037,0,-0.1318,-0.0278,0,-0.490470434185441,-0.044037757528546,-0.0397277567762589,-0.0250653551703325,0.0764601568006438,0.00993643839091733,0.235300298955966,0.0682286446815888,0.0011853685038038,0.237501473103973,0.066868256985364,-0.0151981514265973,0.23786222371065,0.0407806430006698,-0.0111065665484724,0.229903034215623,0.0260829890251775,0.0143797228186382,0.216860693235278,0.00073560806791758,-0.00107370386676733,0.194132165415117,-0.0158961242894238,-0.00424103032903644,0.131927235311832,-0.0436919894454562,-0.00842707735639772,0.0463373367198839,-0.0657895137880987,-0.00950678420582582,-0.0468238121170865,-0.099948972089857,-0.00875291903075102,-0.414516132556446,-0.0510234522942461,0.0167974364980505,-0.393503082514341,-0.0230820212603795,0.0373558373281374,-0.14603000146967,0.01301182349267,-0.0155093822310881,0.0588008072359463,0.0602520521299358,-0.0392871784441082,-0.0285815019937971,0.01859131590607,0.00545596491630234,0.0877520403459776,0.00133198530408611,-0.00412394626180569,-0.134493881897386,-0.03474192642788,0.01289736510383
id_2_2_1,-0.4614,0.0567,0,-0.0091,0.0684,0,0.2335,0.0345,0,0.2499,0.0171,0,0.2553,-0.0019,0,0.2522,-0.0176,0,0.2383,-0.0356,0,0.203,-0.0524,0,0.1296,-0.0691,0,0.0155,-0.0785,0,-0.0965,-0.0805,0,-0.4053,0.0196,0,-0.3907,0.0522,0,-0.1607,0.0403,0,0.0703,0.0371,0,-0.0577,0.0258,0,0.0801,-0.0118,0,-0.1463,-0.0042,0,-0.455804223468154,-0.00330987935876673,-0.104391067658801,-0.00819675222772438,0.0738700179775573,0.0096026485741571,0.241596305428208,0.0389324710097469,0.015987209966634,0.242034556168029,0.0460779509598935,-0.0520073124235781,0.240705291359679,0.0192858673811118,-0.044559392847724,0.239086378308586,0.00789870884441575,0.0496634038281048,0.222802119720976,-0.0282920564537933,0.0296777862390806,0.20851830303881,-0.0492842234542775,-0.0109763015507516,0.134734197582206,-0.0684533262587297,-0.00896295237197814,0.0272439114658926,-0.0652284252539913,-0.0306946649806259,-0.0749277535738598,-0.0730429271613342,-0.0395336471069121,-0.403149526584123,0.0194837581937364,0.00373016678042093,-0.38296606634843,0.0051317631673954,0.0826177822552212,-0.161708902524158,0.0400208068486608,-0.0018131462591362,0.0525204823964209,0.0519701419957207,-0.04014594758586,-0.0470685201595038,0.0320233052724856,0.0213371431157096,0.0806975976790217,-0.00609294216534259,0.00993895851396363,-0.152024782187803,-0.0189523233301065,0.0274082564969273
id_2_1_2,-0.4742,-0.0161,0,-0.0633,0.0656,0,0.2206,0.0937,0,0.249,0.072,0,0.2576,0.0483,0,0.2512,0.0232,0,0.2388,0.0116,0,0.1871,-0.0273,0,0.1484,-0.0449,0,0.023,-0.0882,0,-0.0575,-0.1054,0,-0.3916,-0.0478,0,-0.3805,-0.0085,0,-0.1604,0.0119,0,0.0647,0.047,0,-0.0449,0.0135,0,0.0903,-0.0072,0,-0.1585,-0.0414,0,-0.471914008015416,-0.0406152933519198,-0.0426459388740921,-0.0614523903661061,0.0767890205800845,0.0196423911146896,0.221190803251531,0.094023446083908,0.00116661799816667,0.248104894506748,0.0752977570804029,-0.00591855107405476,0.254361403215003,0.0530011888814467,-0.00988782372944053,0.246487927695287,0.0323623628147192,0.0178453790450124,0.23220171145839,0.0147113880927919,0.0126354439030427,0.193273401642221,-0.0238143378482701,-0.0122793397793416,0.142780749429969,-0.0456077682015688,0.0098097267234032,0.0355040478955007,-0.0740694092888244,-0.032681407908155,-0.0495020081688223,-0.10263526208305,-0.0146572489657174,-0.398095884923525,-0.0474488710852149,-0.0112676278498822,-0.377755945765975,-0.0252001425648843,0.0293133721359414,-0.157898190469192,0.0125923246500349,0.00449611977692568,0.0510040264539973,0.058454814238475,-0.0309253517657007,-0.0363539432875498,0.0185025697828977,0.0171517453716969,0.0906040590005694,-0.00429623654456224,0.00505696373754937,-0.157153184898354,-0.0379293610842207,-0.00644808004023115
id_2_2_2,-0.4698,0.0224,0,0.0525,0.0771,0,0.245,0.0501,0,0.2603,0.0333,0,0.2587,0.0166,0,0.2552,0.0071,0,0.2373,-0.0083,0,0.1808,-0.0319,0,0.1008,-0.0546,0,0.0155,-0.0807,0,-0.0922,-0.0907,0,-0.4082,-0.0124,0,-0.3919,0.0228,0,-0.1604,0.0248,0,0.0494,0.0383,0,-0.0575,0.016,0,0.066,-0.0107,0,-0.1416,-0.0192,0,-0.465753429613989,-0.0209959789672208,-0.0754901130429492,0.0518864812663469,0.0733845648717233,-0.00652246811313993,0.245386767345995,0.0503117428824595,0.000763722518066251,0.254125451435088,0.0560483368180954,-0.0408268984115853,0.247879588077696,0.0323070495646349,-0.0330360130854605,0.246795545513234,0.0234419948353777,0.0318290268663507,0.227476893959877,-0.00366796625750284,0.0188108332245389,0.190346643624114,-0.0265097182258404,-0.0189889606422263,0.119210409705591,-0.0522811316019675,-0.0321397107722732,0.027789824383164,-0.0668114992743106,-0.0321214991451125,-0.0709734785568414,-0.0833624370319945,-0.0389000659210104,-0.40546609613984,-0.0125477785870357,0.00474217318137504,-0.386502198563922,-0.0100506821773838,0.0576620389822319,-0.159556132196789,0.0250335231656685,0.00151655458675284,0.038064608052908,0.0477805096284769,-0.0255951854892581,-0.0448067124501551,0.0234302171023482,0.02547514524067,0.066617092812017,-0.00480676364523739,0.0102631922331805,-0.145102826718296,-0.0282265150048403,0.0167703102074186
id_3_1_1,-0.4652,-0.011,0,-0.0017,0.0759,0,0.2246,0.0759,0,0.2405,0.0587,0,0.25,0.0443,0,0.2509,0.0258,0,0.2406,0.0057,0,0.2009,-0.0214,0,0.1389,-0.0475,0,0.0284,-0.079,0,-0.045,-0.0979,0,-0.3999,-0.0458,0,-0.3968,-0.0077,0,-0.1886,0.009,0,0.0561,0.0424,0,-0.0683,0.0081,0,0.0793,-0.0046,0,-0.1449,-0.0309,0,-0.462717067095796,-0.0376273149381932,-0.046319937066813,-0.00149775209143243,0.0771248020197169,0.00215014711405236,0.227400867588704,0.0774333863697654,0.00553067798966012,0.238215377304695,0.0671170309827029,-0.015106215087541,0.247050016744809,0.0485822337575351,-0.00900665206834597,0.246748030987734,0.0338732730794061,0.0157241773928063,0.232127413075218,0.00969520359054777,0.0162246461528058,0.200578382693522,-0.0215815934451541,0.000639719949232925,0.138117753430944,-0.047598527239614,0.00136559581693804,0.037435412191582,-0.0687892496371553,-0.0236155518532251,-0.0437428182437032,-0.0974654186521443,-0.00230393158509724,-0.402204078659869,-0.0456754552075747,-0.00399660726473744,-0.393777692486662,-0.0260935746319548,0.0322858140882246,-0.172628436271448,0.0134198037990962,0.0287032496535342,0.0438022952732931,0.0526853530441548,-0.0277680767494711,-0.0498627159946832,0.0188925564909171,0.037003218120956,0.0795290610341368,-0.00241246712399338,0.00380963346306555,-0.146213843175218,-0.0342856727976767,0.00629022197907059
id_3_2_1,-0.4496,0.0335,0,0.0012,0.0701,0,0.2502,0.0412,0,0.2591,0.0249,0,0.2598,0.0083,0,0.254,-0.0054,0,0.2376,-0.0184,0,0.1914,-0.0377,0,0.1255,-0.0551,0,0.0201,-0.0796,0,-0.0594,-0.0904,0,-0.4083,-7e-04,0,-0.3931,0.0279,0,-0.1805,0.0303,0,0.052,0.0405,0,-0.0622,0.0241,0,0.0662,-0.0066,0,-0.164,-0.007,0,-0.445127430249482,-0.0144644549107234,-0.0834372725175518,0.00182991796522608,0.0739147479572433,0.00669681236564224,0.250460766652541,0.0413427614901568,0.000514917731727432,0.251904846987265,0.0514084584679719,-0.0475752644940056,0.246863780977897,0.02707838245144,-0.0394958254786645,0.243179083279535,0.0156406714009038,0.0409805597206302,0.225706053641919,-0.0127914724490348,0.0227764049792008,0.19816943820619,-0.033877800196505,-0.0134648993644877,0.131784272869373,-0.0543084694477507,-0.0109706799395321,0.0311068040638607,-0.0671614165457184,-0.0287681122451238,-0.0528692716133424,-0.0881424642614023,-0.0119683182867946,-0.405200946831756,-0.000867516387472653,0.00537555363093273,-0.387278441493842,-0.00752964122106783,0.0621888258570831,-0.171027883308226,0.0329212146820002,0.0170227871717625,0.0404410134215133,0.0501675160474616,-0.0261000596119757,-0.0495221533008418,0.0315211785556048,0.0254441557974434,0.0666036766898945,-0.00274488761150728,0.00671375745716382,-0.168094307841239,-0.0175507163601162,0.019602115121368
id_3_1_2,-0.4586,0.0314,0,-0.004,0.0707,0,0.2412,0.0445,0,0.2514,0.0284,0,0.2543,0.014,0,0.2504,-0.0032,0,0.233,-0.0248,0,0.1846,-0.0433,0,0.1228,-0.0565,0,0.0319,-0.0713,0,-0.0718,-0.0806,0,-0.4071,-0.005,0,-0.3992,0.0249,0,-0.1819,0.0293,0,0.0809,0.0402,0,-0.0575,0.0224,0,0.0888,-0.0103,0,-0.1592,-0.0105,0,-0.454185705500092,-0.0159395030852176,-0.0823501283840027,-0.00334929296928239,0.0746406453748353,0.00691782601906905,0.244228034056324,0.0461577528219748,0.00597924777836381,0.244911433187607,0.0523052461509219,-0.0429032269001431,0.243580291359679,0.0295608673811118,-0.0327285539087477,0.240402969657844,0.0162386701097482,0.0378603689085676,0.221753212026172,-0.0194966365651868,0.0215371240036794,0.195146313776405,-0.0373452786160433,-0.0209773764587674,0.130499981357463,-0.0555301550198615,-0.0134421328877658,0.0382561901306241,-0.0641169883889695,-0.0166129595901069,-0.0612440844111641,-0.0769510415248468,-0.0193449413443429,-0.404715076474873,-0.00512891478514199,0.00413683909858736,-0.393538250230655,-0.00955705523687272,0.0604816682817424,-0.17164915310284,0.0321367123488996,0.0184222799126013,0.0607647150359852,0.0570404201517214,-0.0454652433668375,-0.0462018387239699,0.0290135578201152,0.0226751578997277,0.0892727366394621,-0.00578536509313739,0.00786232947781106,-0.163018199419167,-0.0203392061955469,0.0182802044870691
id_3_2_2,-0.4577,0.0257,0,-0.0119,0.0557,0,0.2215,0.0519,0,0.2416,0.0411,0,0.251,0.0217,0,0.2488,0.0035,0,0.2333,-0.0147,0,0.1951,-0.0385,0,0.1154,-0.058,0,0.0081,-0.071,0,-0.0986,-0.0839,0,-0.4056,0,0,-0.3814,0.0248,0,-0.1579,0.0201,0,0.163,0.0365,0,-0.0686,0.0122,0,0.0985,-0.0115,0,-0.1947,-0.0157,0,-0.453553049342982,-0.0187724708390562,-0.0773627403007891,-0.00993886721918991,0.0675765104068639,0.0208492835292953,0.230548067188042,0.0568535304542128,0.0178665875701095,0.237052965215738,0.0578522334157004,-0.0300655708282777,0.24260996316142,0.0338790857334226,-0.0256157869753081,0.24033279535184,0.0199640090380891,0.0320666718647307,0.223878624344347,-0.0102574000973341,0.0180415365038658,0.200637904414345,-0.0353731560109482,-0.0110152900961741,0.126835189938766,-0.0565596898168729,-0.0199628201183564,0.0196077300435414,-0.0579953294629898,-0.0300773655693715,-0.0755649012933969,-0.0759372498298162,-0.0422144938153608,-0.403828150036417,-9.57756737071849e-05,0.00307341435855485,-0.375980222552048,-0.0081844268121465,0.0578967978314305,-0.15761316089209,0.0201793768600507,0.000515492074832591,0.117800184788952,0.0743034818128769,-0.102060666257223,-0.0509447496677005,0.0225347806823217,0.0354336939669512,0.0989822808492178,-0.00689421788997045,0.00802106420543879,-0.195318160696999,-0.0172929525653437,0.00295953739091903
id_4_1_1,-0.4704,0.0144,0,0.012,0.0897,0,0.2333,0.0707,0,0.2545,0.0505,0,0.2624,0.0302,0,0.2601,0.007,0,0.2429,-0.0154,0,0.2026,-0.0363,0,0.1108,-0.0668,0,0.0149,-0.0885,0,-0.1081,-0.1035,0,-0.4161,-0.0288,0,-0.3559,0.0268,0,-0.1632,0.0253,0,0.0432,0.0414,0,-0.0244,0.0162,0,0.0478,-0.0092,0,-0.1462,-0.0237,0,-0.466720618683504,-0.0250581927389762,-0.068640079132349,0.0109112933457078,0.0831068534082723,-0.0115743074297054,0.233849168239781,0.0710006522325384,0.00108440424268078,0.250698555407717,0.0645053221820946,-0.0251356338936858,0.254161018084394,0.042159812458138,-0.0251545982102389,0.251162750161394,0.0243779857972886,0.0338468089359286,0.2294167576921,-0.00904204834261613,0.0258198396051088,0.204823466559057,-0.0350445733033897,-0.00442263486955644,0.125044815223782,-0.0650058057160885,-0.024867683480058,0.0292570812772134,-0.0722753309143686,-0.0375246187084726,-0.0777958543226685,-0.0930244928522804,-0.0555358666602454,-0.409869555717407,-0.029136780772032,0.0108071999954062,-0.350655414497172,-0.00511821958361748,0.0560253090616508,-0.161119978322372,0.0258756034831172,0.0037381049540558,0.0344514588601439,0.0487169616806069,-0.0197541059259504,-0.0240766504209127,0.0163892778023926,0.00064895539933299,0.0484381063420189,-0.00310608443371926,0.01061267920452,-0.148642942884802,-0.0299952758954501,0.0116959568062948
id_4_2_1,-0.4693,-0.0651,0,0.0093,0.0766,0,0.2223,0.0934,0,0.2417,0.0771,0,0.2472,0.055,0,0.2427,0.042,0,0.2263,0.0193,0,0.1913,-0.0059,0,0.1359,-0.0363,0,0.0587,-0.0694,0,-0.0426,-0.0967,0,-0.4065,-0.0824,0,-0.4097,-0.0476,0,-0.1541,0.0086,0,0.0189,0.0479,0,-0.0264,0.0211,0,0.0566,0.0022,0,-0.1423,-0.0397,0,-0.4693,-0.0651,0,0.0093,0.0766,0,0.2223,0.0934,-2.77555756156289e-17,0.2417,0.0771,0,0.2472,0.055,2.77555756156289e-17,0.2427,0.042,0,0.2263,0.0193,0,0.1913,-0.0059,0,0.1359,-0.0363,1.38777878078145e-17,0.0587,-0.0694,0,-0.0426,-0.0967,0,-0.4065,-0.0824,0,-0.4097,-0.0476,0,-0.1541,0.0086,-2.77555756156289e-17,0.0189,0.0479,5.20417042793042e-18,-0.0264,0.0211,1.73472347597681e-18,0.0566,0.0022,8.67361737988404e-19,-0.1423,-0.0397,0
id_4_1_2,-0.4673,0.022,0,-0.0277,0.0745,0,0.2456,0.0517,0,0.2553,0.0369,0,0.2618,0.0159,0,0.2593,0.0014,0,0.2409,-0.0152,0,0.1932,-0.0402,0,0.1261,-0.0584,0,0.0266,-0.0732,0,-0.1079,-0.0788,0,-0.4005,-0.0119,0,-0.3871,0.0193,0,-0.1765,0.0251,0,0.0456,0.0363,0,-0.0333,0.0174,0,0.0724,-0.0072,0,-0.1266,-0.0156,0,-0.463282693569218,-0.0210821482749431,-0.0749441842495398,-0.0270401699106314,0.0784958941076447,0.00701481549287199,0.245418972916747,0.0516008934006241,-0.000357461562595057,0.249752043337769,0.0573398403345372,-0.036683793261904,0.250317230408573,0.0325685365036838,-0.0350582703508502,0.249307617817947,0.0208296320206585,0.0378427655753543,0.228273427783486,-0.00924600659709079,0.0241793525583754,0.19982216997684,-0.0364609516457296,-0.0131719722666433,0.132293536775988,-0.0576198980396656,-0.0108122786956366,0.0345914296081277,-0.0641690348330914,-0.0208869298146647,-0.08149863172226,-0.0696736010891763,-0.0483835737833514,-0.401591405680991,-0.0118410050983248,-0.00189312975698114,-0.382045281078262,-0.0114627034377633,0.0539970584248127,-0.168217301686446,0.0273920674578389,0.0148852273665505,0.0348904590546586,0.045257070608831,-0.0241820210787804,-0.0299239034116083,0.0193762516614976,0.00677575061606944,0.072801127952062,-0.00336922805780754,0.00667136806967232,-0.131691519845111,-0.0287204549854792,0.02437641770395
id_4_2_2,-0.4598,0.0418,0,0.0208,0.0737,0,0.2401,0.0484,0,0.2577,0.0265,0,0.2626,0.0063,0,0.2574,-0.0081,0,0.2337,-0.0255,0,0.1831,-0.0458,0,0.123,-0.0605,0,0.0175,-0.0749,0,-0.1034,-0.0821,0,-0.4151,0.0095,0,-0.404,0.0348,0,-0.1433,0.0285,0,0.0435,0.0364,0,-0.0406,0.0177,0,0.061,-0.0099,0,-0.1344,-0.0169,0,-0.45489982575183,-0.0107501445234825,-0.0914143762835146,0.0208804555396188,0.0741872342469221,0.000855342572123718,0.242729823169087,0.0498397449628231,0.00519292849709385,0.250755122600266,0.0520863904200722,-0.0459204103909917,0.248746031480241,0.0264105994641661,-0.0422978245736558,0.245674435119432,0.0146997094899936,0.0444066084472744,0.22203186070405,-0.0199979505758936,0.022343993991339,0.194750180714436,-0.0392220068074953,-0.023173047174659,0.130849517445112,-0.0595113203217988,-0.0137031833849518,0.0279114412191582,-0.0631342249637155,-0.0272120324745015,-0.078498978897209,-0.0734922396187883,-0.0456340133258735,-0.408335979606701,0.00913437727603793,0.0117327300988189,-0.397483188254643,-0.00486090898150748,0.0696158718231089,-0.150873487158761,0.0264041922327957,-0.0136106705868219,0.0334328924333787,0.0448197626920832,-0.0227314138505893,-0.0345708019494905,0.0212292866637129,0.0121004661257651,0.0616027764973835,-0.0041434844499878,0.0100250901417389,-0.138761858664085,-0.028140174249758,0.0208830549611673
id_5_1_1,-0.469,0.0256,0,0.0188,0.0844,0,0.2381,0.0519,0,0.2517,0.0352,0,0.254,0.0131,0,0.2459,-0.0122,0,0.2249,-0.0331,0,0.1799,-0.0516,0,0.1157,-0.0621,0,0.0257,-0.0784,0,-0.1524,-0.0905,0,-0.4012,-0.0015,0,-0.3796,0.034,0,-0.1482,0.0442,0,0.1153,0.0437,0,-0.0745,0.0274,0,0.0942,-0.0158,0,-0.1395,-0.0142,0,-0.46480896763084,-0.0193452092003034,-0.0781850992653661,0.0180470181917303,0.0798399842939752,-0.00800513426048137,0.240762084216204,0.0533574068652002,0.00525663213804053,0.246060672875879,0.0559764683520243,-0.0372879463471313,0.243118335565975,0.0288959645010047,-0.0332230243372755,0.234543382827631,0.00988231116849581,0.0430093438734664,0.215365554534148,-0.0286040826258584,0.0182580604153135,0.194004995087375,-0.0436359551547477,-0.0280558494816348,0.127241706222305,-0.0606462736437555,-0.0201487694046685,0.0351793904208999,-0.0676875181422351,-0.0247759627646307,-0.104317208985705,-0.0738787882913546,-0.0881172991594957,-0.401662163146395,-0.00147501820830297,-0.000801658650178672,-0.373467912230735,-0.00331950290825946,0.0655060561565773,-0.155515565639123,0.0421755667413749,-0.013147147672283,0.0859053297023925,0.0682846333398172,-0.0663728296449299,-0.0579610323438192,0.0370813469206912,0.0331933395125123,0.0949282882785174,-0.00884484694015889,0.0121125420002297,-0.143983426911907,-0.0257534462729913,0.0214650812477364
id_5_2_1,-0.4999,0.0214,0,0.0533,0.0868,0,0.2081,0.0713,0,0.2263,0.0548,0,0.2358,0.0361,0,0.2391,0.0128,0,0.2206,-0.0235,0,0.1792,-0.0512,0,0.1168,-0.0693,0,0.0343,-0.0924,0,-0.1419,-0.1106,0,-0.4192,-0.0064,0,-0.3695,0.0241,0,-0.1232,0.041,0,0.138,0.0543,0,-0.0694,0.0134,0,0.0825,-0.0252,0,-0.1111,-0.0373,0,-0.49576991810336,-0.0228915679260368,-0.0770480479795501,0.0518962554760159,0.0782990016939142,-0.0149235522804078,0.218217186115499,0.076838839234118,0.0199777021919722,0.224009598935564,0.0632383197110815,-0.0151444223972787,0.233219608171467,0.0398457300736771,-0.00787824519298747,0.233538476436411,0.0236140735958683,0.0210623881897483,0.214676139620397,-0.0207066349429514,0.0113439424547603,0.193484760334059,-0.0431344550494772,-0.0284134154837321,0.128246649362569,-0.0678582464543329,-0.019982825244397,0.0453650014513788,-0.079895648766328,-0.028920220792417,-0.0954035738597686,-0.094527161334241,-0.0852101012777743,-0.410820429715951,-0.00685294974508369,0.0145350295785967,-0.36429264021822,-0.00759166617192828,0.0556276451231718,-0.141715143109086,0.0358763125987434,-0.0332744359953285,0.104535158529469,0.0822887765026259,-0.0755632296443526,-0.0517084182543199,0.0237560478511298,0.0355066103039549,0.0837785445080123,-0.012989899948483,0.0212641401890853,-0.11354646660213,-0.0436043562439497,0.0117128271334418
id_5_1_2,-0.4668,-0.0044,0,-0.0334,0.0689,0,0.2229,0.0664,0,0.2464,0.0514,0,0.2598,0.0307,0,0.2588,0.0141,0,0.2389,-0.0053,0,0.1792,-0.0283,0,0.1107,-0.0468,0,0.0349,-0.0718,0,-0.1502,-0.0893,0,-0.3964,-0.0316,0,-0.3764,0.0077,0,-0.1537,0.0238,0,0.1411,0.0493,0,-0.0807,0.0116,0,0.0985,-0.0159,0,-0.1336,-0.0306,0,-0.464005106496382,-0.0343728234353539,-0.052139665545057,-0.032214438574516,0.0760796936676164,0.0126039942543314,0.228355647416882,0.0693867943136726,0.0107728866618259,0.242990220490401,0.0639623455616803,-0.0225458946805277,0.252096198928332,0.0418829370395177,-0.0235206270185329,0.251442543576501,0.0284061652679148,0.0278638760600483,0.229001070675391,-0.000632212188395612,0.0189560316122156,0.188582611060425,-0.0230023352515966,-0.0186626880779022,0.123754162304791,-0.0451557734501599,-0.022789118089147,0.0407215239477504,-0.0652212046444122,-0.01521552063568,-0.103285064669843,-0.0730824914908101,-0.0859770679764974,-0.400066314639476,-0.0314018208302986,-0.00635951366511728,-0.372413890328533,-0.0165592143286935,0.0425816351315371,-0.155839317338428,0.0232079876547746,-0.00384466797970855,0.105492822408092,0.0790805485314141,-0.0804006001263722,-0.0584079530350022,0.0246490031014621,0.0447396414770492,0.0992101488571351,-0.0091180784143597,0.0118108558275509,-0.135703910939013,-0.0360216166505324,0.0100727903300864
id_5_2_2,-0.4873,0.0122,0,-0.0175,0.0784,0,0.2357,0.0725,0,0.2514,0.0514,0,0.2567,0.0255,0,0.2527,0.0058,0,0.2371,-0.0142,0,0.1959,-0.0388,0,0.1245,-0.0612,0,0.0397,-0.0783,0,-0.1466,-0.1012,0,-0.4242,-0.0296,0,-0.3325,0.0165,0,-0.1271,0.0308,0,0.084,0.0459,0,-0.0807,0.0177,0,0.06,-0.0103,0,-0.1219,-0.023,0,-0.483649466493102,-0.0269488248498391,-0.0681019136737367,-0.017288990985261,0.0796778587885593,0.00224328858228223,0.234946795854683,0.072087644566013,-0.00148729972278119,0.247818675156814,0.064594354685421,-0.0236801741883655,0.248280375083724,0.0377220361687877,-0.0257061229189815,0.24429264041317,0.0221476436410587,0.0318400289496091,0.226220688909317,-0.00906991834748283,0.0208334212914742,0.201198819215384,-0.0358081496947154,-0.0105397324434564,0.131654625500122,-0.0602988448797556,-0.0124900856599629,0.0460804687953556,-0.0710895515239477,-0.0166764159165851,-0.09945568413887,-0.0849031994554118,-0.0863974344411468,-0.413952913328478,-0.030153896576839,0.0177743849405418,-0.328386963456216,-0.00853168334068756,0.0439375320362544,-0.14249291986626,0.026540324062167,-0.0276633415066469,0.0643552324450496,0.0623301692277767,-0.0443576606622152,-0.0597376827647319,0.0299706247230837,0.0420709035427136,0.0606289146172826,-0.00429386540495106,0.0104598068389921,-0.12605119070668,-0.0336972991287512,0.0198744504024542
id_6_1_1,-0.4829,0.03,0,0.0117,0.0938,0,0.2398,0.0578,0,0.2544,0.0325,0,0.2518,0.0092,0,0.2446,-0.0074,0,0.2271,-0.0243,0,0.1758,-0.0524,0,0.1062,-0.0728,0,0.0065,-0.0876,0,-0.0936,-0.0955,0,-0.4021,0.009,0,-0.3899,0.0343,0,-0.1648,0.0403,0,0.0951,0.0433,0,-0.021,0.0206,0,0.0735,-0.0094,0,-0.1321,-0.0214,0,-0.478445681207847,-0.0177687291158443,-0.0830967948343082,0.0102857495732764,0.0852353785346668,-0.015035243108836,0.240565499865162,0.0582190869514967,0.00151157922367032,0.248326753468922,0.0548751187987075,-0.0401570765127463,0.240361352980576,0.0258044876088412,-0.0349235588558987,0.234355455132343,0.0125199483537766,0.0387977464021774,0.218363029254312,-0.0201801276158547,0.0167309300045733,0.191630689872974,-0.0434615832690014,-0.0314883805003336,0.123080858417105,-0.0706737850085325,-0.0294695183751768,0.0224782177068215,-0.0695433149492018,-0.0417617282727968,-0.0710071204901294,-0.087690115724983,-0.0414040757753397,-0.401830517115805,0.00898543335761109,0.000467439446167617,-0.383608524529664,-0.0039895264952465,0.0672087160156483,-0.163904723150972,0.0405477495682845,0.00160894420505278,0.0715498152110484,0.0629965181871231,-0.0531760481501617,-0.0229019494904741,0.0194866637128932,-0.00381717024214404,0.0740090968249234,-0.00453812532198151,0.00846705467596103,-0.135853514036786,-0.0310725169409487,0.0179705134815861
id_6_2_1,-0.4683,0.0225,0,0.0446,0.0866,0,0.2237,0.0673,0,0.2486,0.0447,0,0.2543,0.0291,0,0.2566,0.0081,0,0.235,-0.0205,0,0.1694,-0.047,0,0.1025,-0.0648,0,0.0227,-0.0858,0,-0.09,-0.0984,0,-0.4127,-0.0165,0,-0.3935,0.0185,0,-0.1948,0.0288,0,0.0637,0.0464,0,-0.0261,0.0189,0,0.0842,-0.0124,0,-0.1198,-0.0254,0,-0.464255272544638,-0.0208762151247412,-0.0754557325602764,0.0433277927194138,0.0788955838812053,-0.0135251475884353,0.228658340332088,0.0700145344223138,0.00979088902685563,0.24426784831781,0.0606605588291199,-0.0286447364974072,0.247107501674481,0.0395407233757535,-0.0219595585182126,0.2482524854745,0.0243312782440284,0.0316133860344875,0.223764519007192,-0.0152019683123344,0.0215154716125346,0.186501168503053,-0.0373442381921539,-0.0340154538523154,0.120706018671217,-0.0625068755108772,-0.0317828980324008,0.0346743802612482,-0.0722679767779391,-0.0312970334915324,-0.0685672566371681,-0.0909911504424779,-0.039277991540671,-0.407833139111435,-0.016763073561544,0.00844195639779555,-0.388425153515985,-0.0123851985238076,0.0542120712025834,-0.178493693279935,0.0333124370797663,0.0293048320545098,0.0501505932697919,0.0577322310834468,-0.0305944055704265,-0.0257321444395215,0.0191153300841825,0.000738277912162529,0.0848064369187387,-0.00660852742604593,0.0100859685173916,-0.123683891577928,-0.0354084898354308,0.0185947155860226
id_6_1_2,-0.4625,0.0195,0,0.0534,0.0874,0,0.2472,0.0558,0,0.2595,0.0425,0,0.2608,0.0208,0,0.2517,0.0033,0,0.2317,-0.0116,0,0.1701,-0.0391,0,0.1081,-0.059,0,0.0151,-0.0825,0,-0.0976,-0.0988,0,-0.4123,-0.0236,0,-0.398,0.0148,0,-0.1728,0.0274,0,0.048,0.0493,0,-0.0277,0.0244,0,0.0489,-0.0032,0,-0.1236,-0.0275,0,-0.458618936676165,-0.0221210584038868,-0.0724025238893653,0.0519467051096501,0.0785989274472518,-0.0154503343766783,0.245539956081211,0.0548911784874986,-0.00327797301112731,0.254515795476145,0.0608628587720966,-0.0329561926056202,0.25062273945077,0.0355734427327528,-0.0310723949414027,0.242888831504196,0.0204328276307295,0.033369318522517,0.223531038771427,-0.00774796950197373,0.0156432157670652,0.185244641729244,-0.0305489437855288,-0.0301237814105505,0.123190182553454,-0.0570993281516642,-0.0263434714666625,0.0279243120464441,-0.0680074847605225,-0.0335184715089035,-0.0727111095983662,-0.0901964329475834,-0.04561178240707,-0.407823889293518,-0.0238419519300801,0.00776416920085182,-0.393161991255165,-0.0146438188455213,0.0516820509506824,-0.166531309475695,0.02913473196899,0.011265759081448,0.0397831647539389,0.0561722622057965,-0.0185535200934592,-0.0279352459016393,0.0242622950819672,-0.000472133282099002,0.0492214121092161,-0.000130514356985982,0.00534557233323616,-0.126881084220716,-0.0359551016456922,0.0157086846205295
id_6_2_2,-0.4473,0.0502,0,-0.0237,0.0884,0,0.2454,0.0522,0,0.2706,0.0277,0,0.2719,0.0059,0,0.2623,-0.0133,0,0.2396,-0.0313,0,0.1828,-0.0538,0,0.1047,-0.0703,0,0.0191,-0.0914,0,-0.0813,-0.1033,0,-0.394,0.0049,0,-0.3814,0.0464,0,-0.2018,0.0488,0,0.0482,0.0441,0,-0.0358,0.0232,0,0.0524,-0.0112,0,-0.1317,-0.0173,0,-0.442065437875402,-0.00593616623275455,-0.0976524930549302,-0.0242104272428138,0.0853088811728896,-0.00542647719248586,0.245190607543245,0.05208536425627,-0.00041347268840855,0.26336421782931,0.0543581448393841,-0.0478439096405987,0.256456061620898,0.0283186202277294,-0.0471521929152613,0.249004519044545,0.0125523240800516,0.0503521342400763,0.22439975936841,-0.0241324068566485,0.0291078188839461,0.196276461506071,-0.0461908414625588,-0.0268056509922358,0.122164161874579,-0.0681003154890798,-0.0304878120859339,0.0332544615384615,-0.0754043076923077,-0.0369950383367616,-0.0629964261402315,-0.096972838665759,-0.0335434249856593,-0.39787920611799,0.00510968681718863,-0.00672879082759026,-0.374252291868908,0.00289949504593044,0.0763554254022524,-0.184813107616563,0.0535007752507624,0.0305279446149578,0.0386448064578876,0.0520916164170395,-0.0215755178327883,-0.0327572441293753,0.0249811253876828,0.00610674322406042,0.0531167376155744,-0.00435515577126434,0.0119204369037257,-0.136171093901258,-0.028821665053243,0.0214060351027222
id_7_1_1,-0.4681,0.0445,0,0.0566,0.0841,0,0.2515,0.0503,0,0.2635,0.0318,0,0.2617,0.0109,0,0.2493,-0.0113,0,0.2229,-0.0326,0,0.1654,-0.0584,0,0.105,-0.0713,0,0.0084,-0.0877,0,-0.1085,-0.0962,0,-0.4064,0.0035,0,-0.385,0.0391,0,-0.1688,0.0396,0,0.0717,0.0458,0,-0.0227,0.0245,0,0.0439,-0.0054,0,-0.1404,-0.0113,0,-0.463039252987844,-0.00977214899243558,-0.0944099144673616,0.055369463658725,0.0766479407584322,-0.013082133613486,0.249344109874022,0.0491197183803984,-0.00425708595292265,0.257026059684471,0.0556513590572134,-0.0428065146473696,0.249065371734762,0.0292405894172806,-0.038575032789643,0.237770819883796,0.0111178502259522,0.0436628676190113,0.214280089763694,-0.0285353268804413,0.0165067640727215,0.186458067232788,-0.0465100708821672,-0.041886009955869,0.122378497985172,-0.0691111052156081,-0.030338265569958,0.0239858316400581,-0.0700867431059507,-0.0407361620551573,-0.0791442545949626,-0.0860523349217154,-0.05379781300833,-0.40413499635834,0.00337756737072108,0.00392882854504245,-0.378388948132697,-0.00113444847366521,0.0706225923647425,-0.165957021346952,0.0403867362310321,0.00510925088018888,0.0556493289243338,0.0592241976269208,-0.0362422318810192,-0.0248190296854231,0.0232595923792645,-0.00425284535574118,0.0443624603454353,-0.000983503701092705,0.0076914190750528,-0.145313572120039,-0.0239618973862536,0.0235244661830299
id_7_2_1,-0.4654,0.0045,0,-0.0237,0.0591,0,0.2298,0.0652,0,0.2506,0.0472,0,0.2565,0.0359,0,0.2547,0.0191,0,0.2406,0.0016,0,0.1958,-0.024,0,0.1348,-0.0499,0,0.0377,-0.0837,0,-0.0598,-0.1028,0,-0.4078,-0.0288,0,-0.3939,0.0037,0,-0.1667,0.0187,0,0.0639,0.0422,0,-0.0479,0.0175,0,0.0514,0.0013,0,-0.1504,-0.0267,0,-0.462199765789959,-0.0298197530800927,-0.0597014308993757,-0.0218555272875955,0.0702700235590371,0.0196090417330564,0.232853964633817,0.0668719489925646,0.00603045108221906,0.246515234746246,0.0622491351454096,-0.0270089860492622,0.250541895512391,0.0445488613529806,-0.0181908063418045,0.248788121368625,0.0305953195610071,0.022389239430703,0.231336589520359,0.00596811225869247,0.0177390398628726,0.197968531124991,-0.0227755912695628,-0.00431336434093849,0.136184523826596,-0.049725613411154,-0.00241701276917229,0.0458595950653121,-0.0744789941944848,-0.0213264581936531,-0.0511761742682097,-0.0998189244383934,-0.0158041622767197,-0.405707465404224,-0.02891310997815,0.00362966729949499,-0.390003848208913,-0.0200117362910666,0.0416206596553781,-0.162146210089282,0.0199601682771797,0.00818383039372697,0.0492582960513519,0.0544457887570511,-0.0330608002082003,-0.0391087062472308,0.0226461231723527,0.0176439306464719,0.0514748081668068,0.00201441799300453,0.0012441736179685,-0.152062187802517,-0.030983330106486,0.00795797431988163
id_7_1_2,-0.4544,0.0221,0,-0.0074,0.0855,0,0.236,0.0679,0,0.2578,0.05,0,0.2686,0.0258,0,0.2677,0.0018,0,0.2525,-0.0206,0,0.2016,-0.0483,0,0.101,-0.0702,0,0.027,-0.0886,0,-0.0571,-0.0967,0,-0.3962,-0.0166,0,-0.3685,0.0227,0,-0.183,0.0288,0,0.0186,0.0402,0,-0.0344,0.0185,0,0.0542,-0.0106,0,-0.184,-0.012,0,-0.45043367140895,-0.0204354548902237,-0.0739931757368968,-0.00789367533959411,0.0825103297616189,-0.00524838360122006,0.236100191855761,0.0679548518704011,0.000197841873581545,0.253822134575176,0.0646552936704049,-0.0263021508191148,0.25833553248493,0.0407000334896182,-0.0313386482490715,0.256910458360232,0.0227796642995481,0.0408617372214402,0.234086913967447,-0.0119174065862759,0.0352602821442301,0.206771410274405,-0.0453800880763563,-0.0102863068982109,0.120279071601681,-0.0677717199891013,-0.0336561649167308,0.0387249883889695,-0.0753498098693759,-0.0306452063732238,-0.05062385976855,-0.0944613342409802,-0.0118682791521786,-0.399561798980335,-0.0164182811361981,-0.00583130709094737,-0.363417780255927,-0.0082300717236953,0.0542908360875014,-0.172174014402763,0.0317958702281662,0.0194558887673318,0.016793590741101,0.0417108150165337,-0.0040788514651137,-0.0308540540540541,0.0205756756756757,0.00711663449156176,0.0548759035817901,-0.00414512079390472,0.0112413048020002,-0.185942323330106,-0.0170052178121975,0.00929916532806278
id_7_2_2,-0.4653,-0.0153,0,-0.053,0.0713,0,0.1996,0.0886,0,0.2548,0.0643,0,0.2654,0.0462,0,0.2632,0.0168,0,0.2399,-0.0084,0,0.1881,-0.0358,0,0.1297,-0.0542,0,0.0436,-0.0796,0,-0.0329,-0.0978,0,-0.4176,-0.0393,0,-0.3934,-0.0092,0,-0.1727,0.0196,0,0.0655,0.049,0,-0.0419,0.0247,0,0.0323,-0.0041,0,-0.1054,-0.0366,0,-0.463015390213403,-0.0398004704700601,-0.0426201535120875,-0.0517472082216497,0.0788868369234364,0.0133187366228242,0.209343566667951,0.0939342944099857,0.0192399419124805,0.252732607869226,0.0719167078502186,-0.0136698590370895,0.260415706630944,0.0534352645679839,-0.015217644406169,0.255931439638476,0.0309333118140736,0.0275272123123434,0.228994084248094,-0.00325737306007679,0.0208843680941678,0.195713844831216,-0.0315010263878167,-0.0151444848607095,0.133861273715458,-0.0536758701045416,-0.00726448437583926,0.0494466952104499,-0.0729927590711176,-0.0152813099153375,-0.0370624846834581,-0.0992388835942818,0.00762823663855225,-0.410904697742171,-0.0396619082301529,0.0116135330400463,-0.390542379076577,-0.0265913023386418,0.0305265488243936,-0.165475276481611,0.021599294558548,0.0129838910172189,0.0520607858393309,0.0602400700252869,-0.030345592007556,-0.036912605228179,0.0276194505981391,0.0100095901621838,0.0327580407255769,0.000274288929258968,0.00761791407333882,-0.10833752178122,-0.0441697676669894,0.0140638277237036
id_8_1_1,-0.4624,0.0319,0,0.0361,0.0848,0,0.2647,0.0476,0,0.2711,0.0332,0,0.2686,0.0142,0,0.2536,-0.0028,0,0.2181,-0.0254,0,0.1662,-0.0468,0,0.1179,-0.0599,0,0.0245,-0.0808,0,-0.0732,-0.0968,0,-0.3969,-0.0034,0,-0.387,0.0305,0,-0.1745,0.031,0,0.0578,0.0444,0,-0.0471,0.0241,0,0.0261,-0.003,0,-0.1635,-0.0226,0,-0.457946216252229,-0.0158629912260921,-0.0830868134038548,0.0350852708640261,0.0786548571206054,-0.0107878342906584,0.258034745925954,0.0439509843202219,-0.013161412610679,0.264542273332066,0.0573600456187037,-0.0433605206385661,0.255625887474883,0.0330333891493637,-0.0396115188802111,0.243349644932214,0.0171312459651388,0.0388197505686941,0.212832277077813,-0.022916033093603,0.0100874669333298,0.184471576952769,-0.0364833953259878,-0.0363434804197725,0.128222498673512,-0.0585998379533363,-0.0180203551750989,0.0348384267053701,-0.0691167373004354,-0.0270211969044312,-0.0595176718856365,-0.0920703063308373,-0.0250744554178084,-0.399557101238165,-0.00325637290604516,-0.00460895293921787,-0.381050631473384,-0.00570748501744956,0.0635541569959271,-0.167904453099166,0.0328251827901679,0.0118531680750709,0.0454942715425015,0.054692063800817,-0.0277861942419132,-0.0400453478068232,0.028229552503323,0.0141585297376947,0.0265346953716006,0.00115134079878528,0.00722964532195394,-0.164996321393998,-0.0264559051306873,0.00716386392060817
id_8_2_1,-0.474,0.022,0,0.0024,0.0831,0,0.2327,0.0713,0,0.2492,0.0529,0,0.2556,0.0308,0,0.2491,0.0089,0,0.2318,-0.0089,0,0.1827,-0.0386,0,0.1087,-0.0608,0,0.0389,-0.0882,0,-0.0529,-0.1136,0,-0.4112,-0.0271,0,-0.398,0.0168,0,-0.1748,0.0275,0,0.0599,0.0415,0,-0.0157,0.0171,0,0.048,-0.0105,0,-0.1324,-0.0244,0,-0.469953816034932,-0.0213918349357332,-0.0754829042320662,0.00196915589852091,0.0804908322246091,-0.0045804093004613,0.233353620988558,0.071657836807027,0.00129065980468923,0.245883757840715,0.0651177342710511,-0.0219274138541488,0.248595411922304,0.040967950435365,-0.0213858460338309,0.241699548095546,0.0232897675919948,0.0280267068922716,0.22411092034824,-0.00527425512356027,0.0147242628134797,0.19296054635413,-0.0328066302898449,-0.0204089645070833,0.123606456053805,-0.0589224692756657,-0.0260227335442404,0.047912740203193,-0.0780148708272859,-0.0235562948424698,-0.0456905037440436,-0.111107828454731,-0.0132122392434853,-0.407366605972324,-0.0273072104879825,0.00664932612174096,-0.393001997673392,-0.0136175297845882,0.0533911831331659,-0.16761529375023,0.0294882205974207,0.0129119740984286,0.0462628671464696,0.0529056020229527,-0.0307924901544592,-0.0188126938413824,0.0152779353123615,-0.00624710717279256,0.0487043464114314,-0.00377349177083051,0.0117143523283681,-0.135627976766699,-0.032718247821878,0.0154544246899579
id_8_1_2,-0.4831,-0.0136,0,0.0024,0.0861,0,0.2431,0.0843,0,0.2554,0.0625,0,0.254,0.0326,0,0.2405,0.0126,0,0.2165,-0.0073,0,0.1757,-0.0319,0,0.1188,-0.0525,0,0.042,-0.0831,0,-0.0576,-0.1092,0,-0.4031,-0.0419,0,-0.3856,-0.0059,0,-0.1916,0.0145,0,0.0674,0.0531,0,-0.0285,0.0259,0,0.0642,-0.0014,0,-0.1304,-0.0246,0,-0.480660093581517,-0.0397658929706238,-0.0455172637011857,0.00172803986215043,0.0820306469973585,-0.00714377301297416,0.237014836075047,0.080968565319567,-0.0120159490291286,0.253084499144649,0.0710307926249762,-0.0153103853989518,0.247673342263898,0.0417838580040187,-0.0193160435349289,0.234751387992253,0.0237778566817302,0.0217709223515848,0.215377948412913,-0.00677090250365003,0.00214868140360192,0.18718021615552,-0.0254179731911012,-0.0228349754452729,0.128220773521862,-0.0513134140220555,-0.0164461813227208,0.0490665195936139,-0.0751142583454282,-0.0184695237302287,-0.0489706603131382,-0.10621701837985,-0.0158142672398122,-0.403703641660597,-0.0418673707210488,-0.00104706435941671,-0.382580917004292,-0.0242739504191905,0.0322513681636226,-0.174942008671051,0.0191097586067531,0.0299368610342435,0.0544106496790508,0.0639638202684303,-0.0293298045979734,-0.0287643110323438,0.0257452813469207,-0.000530466351701963,0.0643452238279873,-1.31124427211844e-05,0.00241529318515377,-0.133725130687318,-0.0331686060019361,0.0159195637098662
id_8_2_2,-0.4955,0.0422,0,0.0429,0.0871,0,0.2268,0.0616,0,0.2411,0.0429,0,0.2455,0.0159,0,0.2386,-2e-04,0,0.2212,-0.0235,0,0.1736,-0.0527,0,0.1042,-0.0675,0,0.0273,-0.089,0,-0.0741,-0.1126,0,-0.4098,8e-04,0,-0.4,0.0326,0,-0.1689,0.0341,0,0.0781,0.0438,0,-0.0248,0.0224,0,0.079,-0.0106,0,-0.1054,-0.0273,0,-0.490427467149095,-0.0121985419528095,-0.0946297831992933,0.0416101684179101,0.0792888520972735,-0.0137125158598003,0.231766253419116,0.0643188665870478,0.00980651444821992,0.236797643033644,0.0587507888234176,-0.0284477300565722,0.236640187541862,0.0287610180843938,-0.0270500681862624,0.230447127178825,0.0156528082633957,0.0308762464561793,0.215030711620613,-0.0205909046666306,0.0118139267096087,0.190329000280721,-0.0432543739911573,-0.0332751844964669,0.121736675605524,-0.0652911820802203,-0.030614401899896,0.0390583715529753,-0.075712084179971,-0.0307324588221312,-0.0575763308373043,-0.106888114363513,-0.03028154289939,-0.405912709395485,0.000589876183539733,0.00674281401097443,-0.393711759316459,-0.00566983978498938,0.0671741603906494,-0.165303703567623,0.0350952015284565,0.00646307375289074,0.0596743046099981,0.0592105815989107,-0.0416050096438575,-0.0256792202038104,0.0218853345148427,-0.0017645753554897,0.0795414169897779,-0.00542946774762073,0.00900458818542766,-0.10990582768635,-0.0389111713455954,0.0215723283274562
id_9_1_1,-0.487,-0.0111,0,0.0401,0.0939,0,0.2165,0.0943,0,0.2332,0.0825,0,0.2471,0.0502,0,0.2408,0.0188,0,0.2241,-0.0047,0,0.1764,-0.0367,0,0.1146,-0.0632,0,0.005,-0.0961,0,-0.0748,-0.1175,0,-0.4034,-0.0539,0,-0.4011,-0.0029,0,-0.1615,0.018,0,0.0824,0.0556,0,-0.0144,0.0217,0,0.0784,-0.0062,0,-0.1164,-0.0428,0,-0.48442772954634,-0.038685383140977,-0.0479865586905731,0.0383007991900364,0.0830041405494513,-0.0191277450359957,0.218541698193166,0.0954177651500559,0.00403159910308123,0.234174196920737,0.0789108534499145,0.00644151362608945,0.245994859343603,0.0518042364367046,-0.00337412673825593,0.236280826339574,0.0275872821174952,0.0171148407166593,0.220370691613043,-0.00294146433785757,0.00714146806757326,0.188642348585866,-0.0297876535195453,-0.024350911652156,0.126751309996702,-0.061669491488965,-0.0212129765194534,0.0234167953555878,-0.0752875239477504,-0.0481353563587639,-0.0572071749489449,-0.111418529611981,-0.0322408952430319,-0.404177458120903,-0.0538579752367079,-0.00134856280219514,-0.397637186409403,-0.0239744670865257,0.0369915223102922,-0.159271301025095,0.0186167468861373,0.0040052999297073,0.065612750437658,0.0696402450885042,-0.0379054176871967,-0.0189995569339832,0.0190075764288879,-0.00923120826466925,0.0787168026897318,-0.00317453431306093,0.00526891067500685,-0.117572139399806,-0.0458205130687318,0.00561179382309038
id_9_2_1,-0.4862,0.0842,0,0.026,0.0865,0,0.237,0.0326,0,0.2426,0.0203,0,0.2407,0.0011,0,0.2355,-0.0171,0,0.2093,-0.0424,0,0.1746,-0.0611,0,0.1018,-0.0804,0,0.0167,-0.092,0,-0.0894,-0.1024,0,-0.4233,0.0207,0,-0.3944,0.0698,0,-0.1543,0.0526,0,0.0847,0.0385,0,0.004,0.0209,0,0.0815,-0.0175,0,-0.1069,-0.0145,0,-0.479226231524569,0.00941234497037781,-0.130097964529565,0.0249826815116724,0.0803391761476107,-0.0108153623305272,0.244150021959394,0.0365144107562507,0.0141186499625644,0.23538949819426,0.0468650066527276,-0.0476767526604963,0.22915545880777,0.0178582049564635,-0.0352468664437823,0.224234602969658,0.00480493867010975,0.0426638784591548,0.204352863245552,-0.0400672038068458,0.00947355796087213,0.19274803670433,-0.0508531493438136,-0.0360977499821762,0.121317653048055,-0.0779416696542526,-0.0340726650818392,0.0315303367198839,-0.0752405137880987,-0.0387615504841607,-0.0676176718856365,-0.0948703063308373,-0.0399186462007376,-0.412146103423161,0.0200970866715223,0.0193473186768972,-0.385209488066108,0.0138671187773276,0.0981776865404241,-0.159862108241173,0.0510608002351471,-0.00999592677083705,0.0630284380470726,0.0566253063606302,-0.0489341392530698,-0.00727727071333629,0.0142986708019495,-0.0226332310059505,0.082385198340609,-0.00904635584718419,0.0147221950365413,-0.113466195546951,-0.0314205808325266,0.0314366496149412
id_9_1_2,-0.4698,0.0229,0,8e-04,0.0769,0,0.2413,0.0565,0,0.2534,0.0372,0,0.2562,0.0211,0,0.253,0.0045,0,0.2392,-0.015,0,0.1969,-0.038,0,0.1006,-0.0591,0,0.0087,-0.0818,0,-0.0851,-0.098,0,-0.4069,-0.0163,0,-0.3909,0.0199,0,-0.1716,0.0275,0,0.0642,0.0463,0,-0.0269,0.0213,0,0.0729,-0.009,0,-0.136,-0.0167,0,-0.465730318669154,-0.0207438239273488,-0.0759212553861445,0.000888696919152915,0.0774371435803246,0.000942958699017921,0.241762246022268,0.0567530650691528,0.000912764998771659,0.247955151111956,0.0572599695875309,-0.036002031578772,0.246833037508372,0.0346972036168787,-0.0285984579576462,0.244296901226598,0.0214226920593932,0.0329600410253071,0.22730738387498,-0.00939209971340508,0.0227738576390661,0.201648433223384,-0.0353189118534634,-0.00944497512857023,0.119387819253438,-0.0567335952848723,-0.0327985681200707,0.0227559187227867,-0.0659156690856314,-0.0367374803057621,-0.065917501701838,-0.0913690129339687,-0.0351541561026088,-0.404919300801166,-0.0164070648215586,0.00343567992933519,-0.385747333787958,-0.0114588045248506,0.0550433808096989,-0.165901482529302,0.0290769482308851,0.0102410742239397,0.05047888543085,0.0577758412760163,-0.0309821199086857,-0.0267573992024812,0.021383473637572,0.000286196622739548,0.0733916352593476,-0.00430488327323012,0.0081766422765512,-0.140290880929332,-0.0277572700871249,0.0205432383714933
id_9_2_2,-0.4781,0.0434,0,0.0151,0.0861,0,0.2315,0.0588,0,0.2497,0.034,0,0.2522,0.0097,0,0.2468,-0.0098,0,0.2262,-0.0268,0,0.171,-0.0504,0,0.1161,-0.0662,0,0.0229,-0.0872,0,-0.0725,-0.0919,0,-0.4162,-0.0013,0,-0.3934,0.0423,0,-0.1805,0.0383,0,0.0727,0.0398,0,-0.0165,0.0185,0,0.077,-0.0152,0,-0.1238,-0.022,0,-0.473046996269039,-0.0107891089768557,-0.0942654609877444,0.0142594906575113,0.0810099224433902,-0.00893566094149401,0.235247881496321,0.0608518465153908,0.00740068034031713,0.243977608819616,0.0550824938224672,-0.0378371764246107,0.240813780977897,0.02622838245144,-0.0347634899030739,0.235837314396385,0.0115163331181407,0.0415174613836368,0.217348961769318,-0.0226263396961012,0.016949364421122,0.188222387535967,-0.0406757947926171,-0.0342565672253222,0.127699003341316,-0.0647390568310556,-0.0202487950348717,0.0351778635703919,-0.0733250159651669,-0.0320902375725093,-0.0598868277739959,-0.0875398910823689,-0.0231151030741664,-0.409178623452294,-0.0016795338674435,0.0121791347699094,-0.386422544345942,-0.000164359019615715,0.074536702523344,-0.172056064224566,0.04063668662968,0.0151749948057639,0.0548787589963042,0.0547050379303637,-0.0402401585465585,-0.0196199601240585,0.0166736818785999,-0.0062616904401933,0.077790488327323,-0.00765083647406524,0.0131470234353945,-0.127995488867377,-0.0328114520813166,0.0200865345151585
id_10_1_1,-0.4831,0.0333,0,0.0053,0.0903,0,0.2195,0.0586,0,0.2431,0.0411,0,0.2528,0.013,0,0.2449,-0.0048,0,0.2233,-0.0224,0,0.1825,-0.0408,0,0.1059,-0.067,0,0.035,-0.0854,0,-0.0632,-0.1019,0,-0.4102,-0.0103,0,-0.4019,0.0322,0,-0.1665,0.0331,0,0.075,0.039,0,-0.0117,0.0188,0,0.0926,-0.0086,0,-0.1432,-0.0182,0,-0.478492286955987,-0.0161137502306226,-0.0859584154929054,0.00425198979757401,0.0839533088440496,-0.0111416534697605,0.227906376699927,0.0632022252186308,0.0165994860930157,0.238501501615662,0.0580418361528226,-0.0304058546806291,0.242088077695914,0.0285495646349631,-0.0327047812919915,0.235152808263396,0.014152872821175,0.0369141897483512,0.216483885794625,-0.0191858973665711,0.0130525708500965,0.193307321566426,-0.0346979068706576,-0.0214965397214969,0.122568953006468,-0.0649004753846815,-0.0290995875198679,0.0441743004354137,-0.0750322946298984,-0.023978559367931,-0.0531965827093261,-0.0984420285908781,-0.0183324240424712,-0.406412418062637,-0.0105047341587764,0.00656986141589233,-0.395618783424927,-0.0060270914998596,0.0670991253192233,-0.163889822537385,0.0338223132600948,0.00469087289277384,0.0563052421707839,0.0546356156389807,-0.0422125495570799,-0.0166728622064688,0.0158890562693841,-0.00998042362738233,0.0929640899107942,-0.00512294135191562,0.00605536909825334,-0.146766757018393,-0.0273912584704743,0.0170763861427987
id_10_2_1,-0.4868,0.0376,0,0.0145,0.0744,0,0.2315,0.0576,0,0.2463,0.039,0,0.2527,0.0143,0,0.2466,0,0,0.2285,-0.0178,0,0.1868,-0.0382,0,0.12,-0.0602,0,0.014,-0.0828,0,-0.096,-0.0979,0,-0.4053,-0.0083,0,-0.3932,0.0282,0,-0.153,0.0252,0,0.0769,0.0365,0,-0.0236,0.0192,0,0.0819,-0.0094,0,-0.1417,-0.0175,0,-0.481977585535352,-0.0141162378795023,-0.0899637417242877,0.0146078061539061,0.0750528680369416,0.00114611365991338,0.235500613322033,0.0597902091921254,0.00789973225958235,0.241326268770196,0.0573242729519103,-0.0328869418567206,0.242307836570663,0.0293853985264568,-0.0317285191638723,0.237651129761136,0.0174005810200129,0.0338908172689619,0.220444108581625,-0.0140012869734494,0.0154266918556175,0.195420478630079,-0.0333326549231525,-0.0171467518710191,0.129307494299686,-0.0590276820156884,-0.0162484257325158,0.0271402917271408,-0.0679504020319303,-0.0343443369343912,-0.0719646698434309,-0.0895914908100749,-0.0440475341203461,-0.403901383831027,-0.00837560087399852,0.00242601072561205,-0.38735312800353,-0.00738369754101649,0.0624592373352488,-0.15564435279421,0.0244682294154389,-0.00475229099130278,0.0570311028982688,0.0531176230305388,-0.0448637426177624,-0.0242285334514843,0.018832077979619,-0.00126145263016412,0.0823635449147258,-0.00497314606436919,0.00770945711228322,-0.145482962245886,-0.0272484027105518,0.0181115012155998
id_10_1_2,-0.4681,0.0267,0,0.0193,0.0801,0,0.2274,0.0661,0,0.2402,0.0517,0,0.249,0.03,0,0.2487,0.0093,0,0.2388,-0.0078,0,0.1901,-0.0408,0,0.1154,-0.0649,0,0.0358,-0.093,0,-0.0922,-0.1143,0,-0.4119,-0.0207,0,-0.3901,0.0205,0,-0.1749,0.028,0,0.0685,0.0439,0,-0.0261,0.0209,0,0.0726,-0.0088,0,-0.1425,-0.0269,0,-0.463862002623972,-0.0187488684118817,-0.0790612470496087,0.0188859820484031,0.0775927304469727,-0.00440152637471897,0.231187690411064,0.0681736406364372,0.00747928822933436,0.237040857251473,0.063338946968257,-0.0208886526206552,0.242870596115204,0.0388975217682518,-0.0187138039104398,0.241422724338283,0.0234502582311168,0.0275602185621184,0.228459765857351,-0.00292411723354783,0.0198011117018955,0.198025919362762,-0.036324821040073,-0.0157652235444078,0.12726294580758,-0.0634058121692742,-0.0207095688395783,0.0466845181422351,-0.0806996095791002,-0.0284484976595537,-0.0673298570456093,-0.10570291354663,-0.0455774255325554,-0.407545156591406,-0.0209353969410051,0.00755382145007621,-0.384909851337799,-0.0110869203738618,0.0554437872580985,-0.167733111658155,0.029983289855605,0.0128799526966315,0.0529232639564287,0.0569278156000778,-0.0351720919941105,-0.0261681214000886,0.0208601240584847,-0.000136718131881949,0.0730829044765597,-0.00418826224885442,0.00803143607684629,-0.144645440464666,-0.0324286350435624,0.0102716191857467
id_10_2_2,-0.4708,0.0327,0,0.0546,0.0803,0,0.2318,0.0604,0,0.2454,0.0473,0,0.2528,0.0247,0,0.2488,0.0056,0,0.2253,-0.016,0,0.181,-0.04,0,0.1072,-0.0659,0,0.0325,-0.0918,0,-0.0733,-0.1075,0,-0.4125,-0.0175,0,-0.3964,0.0257,0,-0.1769,0.0264,0,0.0782,0.0456,0,-0.032,0.0199,0,0.0493,-0.0081,0,-0.145,-0.0218,0,-0.466273034070642,-0.0158478070355261,-0.0844520512803137,0.0537014204866272,0.0748582527371967,-0.00955301916894562,0.235095496397889,0.0622041799899834,0.00650738702047635,0.241506282075651,0.061645276563391,-0.0257457568710596,0.244821081714668,0.0362823007367716,-0.0243605928105835,0.24075984506133,0.0212336346029697,0.0304493656257561,0.218900248742768,-0.0129822311144757,0.0122552533879418,0.192204765246684,-0.0336734998947295,-0.0222870837806532,0.123160910903016,-0.0638896562603072,-0.0278635330928652,0.043811358490566,-0.0790172452830189,-0.0295641158699159,-0.057921027910143,-0.102183812117086,-0.0281837525613804,-0.407759796067007,-0.0177562272396212,0.00822225985809655,-0.390711057483252,-0.00892254859801837,0.0607721549325265,-0.168598607487967,0.0286972406951538,0.0149188235913868,0.0601877942034624,0.0606647539389224,-0.0406713548666787,-0.0296529906956136,0.0212738591050066,0.00471039537043944,0.0498730050703614,-0.00262780157804832,0.00952994601976376,-0.147841878025169,-0.0291233010648596,0.0136059188440011
