CHR,RSID,POS,ALT,REF,COEF
17,rs72817342,2669966,G,A,-61.9480934143066
17,rs8081847,3537618,T,C,-139.617477416992
17,rs4790644,4472541,T,C,-32.1737365722656
17,rs148456308,4919613,A,G,-70.9236373901367
17,rs111590936,5183102,A,G,35.7270088195801
17,rs56987007,6169183,C,A,-46.3591003417969
17,rs77889597,6492523,C,G,-46.3373718261719
17,rs745057,6519431,C,A,-186.935073852539
17,rs6503176,8969667,T,C,-138.40153503418
17,rs7222381,11266245,T,C,-69.0476989746094
17,rs11651705,11800378,T,C,44.3078193664551
17,rs16946008,12365031,C,T,-66.4214935302734
17,rs960296,14164815,G,T,-18.3000793457031
17,rs6502407,14868875,A,T,-139.504058837891
17,rs178828,16083586,C,T,-138.388931274414
17,rs115034685,16119265,A,G,-43.6240425109863
17,rs138240336,16466834,G,C,39.770679473877
17,rs79457460,16996670,G,A,123.480606079102
17,rs763751,19326857,C,T,-116.195640563965
17,rs2072332,19559623,A,G,138.249923706055
17,rs74503262,19959377,A,G,82.3712539672852
17,rs34976342,26996341,G,C,-63.7821426391602
17,rs2953001,29507793,G,C,68.2762756347656
17,rs72815624,29616516,T,G,31.5407180786133
17,rs34121367,33798269,A,T,-67.7512435913086
17,rs8079653,33800272,C,G,-60.9181747436523
17,rs12946892,35860991,G,A,57.5795974731445
17,rs4795290,36685318,T,G,-23.4313163757324
17,rs2643194,37853048,C,T,69.2689056396484
17,rs8182306,39661689,G,A,92.3870315551758
17,rs17885741,40498944,C,T,-132.206481933594
17,rs34854300,42969013,C,T,-48.8509521484375
17,rs1230074,43468128,A,T,-17.4253520965576
17,rs62063684,44132269,C,T,-49.3880310058594
17,rs17576631,44170018,C,G,17.9260120391846
17,rs2696443,44276821,A,G,23.7112216949463
17,rs62073257,44412076,G,A,-0.827727973461151
17,rs142995394,44436491,A,C,-0.737494826316833
17,rs200975719,44687397,T,C,-0.726578176021576
17,rs201619114,44735336,T,A,-0.906019687652588
17,rs199805751,44735337,A,T,-1.05825126171112
17,rs111958058,45147807,G,T,56.0091934204102
17,rs59769748,45494909,T,C,-58.4041786193848
17,rs17774171,45907599,G,A,99.5202102661133
17,rs11655352,46014128,G,C,-57.4041061401367
17,rs17620741,50631108,G,T,145.396286010742
17,rs1521454,51397278,C,T,49.1918678283691
17,rs9912589,53009971,A,G,-79.8835067749023
17,rs8068391,53772513,G,C,67.7224731445312
17,rs4793948,56562062,G,A,-138.637588500977
17,rs7215808,56940742,G,C,-93.1482315063477
17,rs8082544,57185807,A,G,55.6624755859375
17,rs74605476,59358137,T,C,12.8595018386841
17,rs9910768,60438667,A,C,-54.7974624633789
17,rs117991430,60520907,T,C,-136.996017456055
17,rs12939531,60782403,C,T,120.842880249023
17,rs8072580,61150419,C,T,33.8641395568848
17,rs16947494,62226691,C,T,-137.950347900391
17,rs147592991,62259655,A,G,-137.735809326172
17,rs9896245,63173756,G,A,-18.8437976837158
17,rs4790956,63201987,A,G,68.6815185546875
17,rs1473919,63226477,T,G,-39.6230735778809
17,rs10163474,64079815,C,A,-72.7281875610352
17,rs2319125,64098545,C,T,-47.0243797302246
17,rs9891195,64285647,T,G,-135.6904296875
17,rs77401939,64419983,T,C,97.9704284667969
17,rs9909222,64877822,G,C,-42.677303314209
17,rs9893822,66801300,T,C,-45.3023719787598
17,rs8068037,66947954,A,G,-33.518440246582
17,rs12450002,68480192,A,G,49.6106796264648
17,rs10491179,68639699,A,T,-70.3077545166016
17,rs9907805,68716927,A,G,-36.6719627380371
17,rs28579305,69134697,C,G,-16.2407360076904
17,rs1026129,71196995,G,A,-44.6516227722168
17,rs4789189,73397985,C,G,55.5727119445801
17,rs1117059,74642974,T,C,68.4898300170898
17,rs12950121,78131942,A,G,-15.7048845291138
