CHR_ST,RSID_ST,POS_ST,ALT_ST,REF_ST,CHR_EN,RSID_EN,POS_EN,ALT_EN,REF_EN
17,rs141711763,2652218,C,G,17,rs117453248,2672437,A,G
17,rs11653218,3536571,A,G,17,rs2089059,3556594,T,C
17,rs190076115,4901294,A,C,17,rs112564094,4921397,C,T
17,rs2309556,6164878,C,G,17,rs55647800,6185177,A,G
17,rs8082309,8965856,A,G,17,rs117884301,8985859,T,C
17,rs58887866,11255246,A,G,17,rs205039,11276045,G,A
17,rs4459581,12966272,A,G,17,rs1014213,12986325,G,A
17,rs2190743,13068353,T,C,17,rs16947308,13088384,A,C
17,rs112955894,14859716,G,A,17,rs78176757,14879939,A,G
17,rs73981482,16072735,C,T,17,rs178816,16092902,A,G
17,rs7212874,16114457,C,G,17,rs28622079,16135136,A,G
17,rs73290635,16428554,G,A,17,rs57674607,16448647,G,T
17,rs6502510,16449646,C,T,17,rs16959834,16471690,A,G
17,rs7224237,16535679,C,T,17,rs72835920,16556425,C,T
17,rs3785775,19226530,T,G,17,rs4924987,19247075,G,A
17,rs1110466,19313997,T,C,17,rs12943732,19334819,G,C
17,rs8074500,19545834,T,C,17,rs2108971,19565945,G,A
17,rs56245939,19952176,A,G,17,rs77540008,19973199,A,G
17,rs148369634,25678601,C,T,17,rs116478684,25699231,G,T
17,rs200758138,26990864,T,G,17,rs191787092,27011129,G,C
17,rs1124918,29492423,C,T,17,rs2905884,29512476,A,G
17,rs9913882,33779503,A,G,17,rs12949245,33799789,C,T
17,rs11658693,33800249,G,A,17,rs16971025,33820767,G,A
17,rs9906975,36593017,C,T,17,rs7502297,36613263,G,C
17,rs2904768,37850571,C,T,17,rs4252639,37876179,G,C
17,rs116920984,40491135,A,G,17,rs12602466,40511946,T,C
17,rs67903128,42967122,C,T,17,rs12941832,42987482,T,G
17,rs147904962,43454537,A,G,17,rs62064598,43474668,G,C
17,rs7213077,44119051,C,T,17,rs2316951,44139083,C,G
17,rs111913701,44159631,G,T,17,rs111957446,44179723,C,T
17,rs75877285,44240850,C,T,17,rs2532249,44260933,G,A
17,rs273534,44410179,T,C,17,rs62073915,44433370,A,G
17,rs142995394,44436491,A,C,17,rs62071448,44472833,G,A
17,rs567466092,44681112,T,C,17,rs139961331,44703461,G,A
17,rs200750878,44703794,C,T,17,rs201619114,44735336,T,A
17,rs8069221,45133652,A,G,17,rs149321339,45153821,C,T
17,rs9635763,45649694,A,C,17,rs148379754,45669878,C,T
17,rs34156395,45902240,A,C,17,rs74543534,45923019,A,G
17,rs4369725,46006687,C,T,17,rs16949720,46027257,A,G
17,rs72842606,50618378,G,C,17,rs349975,50638834,C,T
17,rs138185486,51381180,G,A,17,rs9898885,51401663,T,A
17,rs1502520,51547100,G,T,17,rs1604543,51568276,A,G
17,rs9904670,53000707,T,C,17,rs12450361,53021157,T,G
17,rs11654015,53753078,T,C,17,rs141723750,53773582,G,T
17,rs2531736,56552204,A,G,17,rs61744121,56572347,A,G
17,rs12150277,60424259,C,T,17,rs12450288,60444266,C,T
17,rs139458223,60510722,T,G,17,rs541678325,60532641,A,G
17,rs6504204,62212520,C,T,17,rs79877121,62232633,A,G
17,rs10853048,62253745,T,C,17,rs9889894,62274324,A,G
17,rs60814564,63160795,T,G,17,rs113384639,63181013,A,G
17,rs8078401,63201526,T,C,17,rs75671069,63221903,A,G
17,rs8078293,63222415,C,T,17,rs17689671,63242510,C,A
17,rs17632736,64067739,G,A,17,rs9914216,64087775,A,T
17,rs59297684,64089498,A,G,17,rs75040353,64110975,T,C
17,rs7219794,64417780,A,G,17,rs74703517,64437897,T,C
17,rs726938,64870274,A,C,17,rs8072353,64890323,A,G
17,rs4147964,66934558,G,A,17,rs530286942,66954897,T,A
17,rs79488343,68309158,T,C,17,rs77209210,68329244,C,T
17,rs9909661,68622636,A,G,17,rs73998873,68642787,T,A
17,rs76304668,68705070,A,G,17,rs1029754,68725104,G,A
17,rs115564546,69118377,A,G,17,rs2058083,69138403,T,C
17,rs11077675,71187372,T,C,17,rs113937274,71207476,T,G
17,rs12940914,73388845,A,G,17,rs55802201,73409008,T,G
17,rs8069348,74636448,G,C,17,rs9989444,74656593,G,A
17,rs12150633,78065522,C,T,17,rs12951255,78085597,A,G
