CHR_ST,RSID_ST,POS_ST,ALT_ST,REF_ST,CHR_EN,RSID_EN,POS_EN,ALT_EN,REF_EN,PARTITION
12,rs12579044,5284122,T,G,12,rs12579044,5284122,T,G,29
12,rs78156452,5291962,T,C,12,rs78156452,5291962,T,C,29
12,rs12580214,5297959,T,G,12,rs12580214,5297959,T,G,29
12,rs4765807,5298324,A,C,12,rs4765807,5298324,A,C,29
12,rs4766341,5298590,G,T,12,rs4766341,5298590,G,T,29
12,rs61142020,5310971,T,C,12,rs61142020,5310971,T,C,29
12,rs12582882,5314003,C,A,12,rs12582882,5314003,C,A,29
12,rs77192092,5314295,T,C,12,rs77192092,5314295,T,C,29
12,rs17179798,5314508,A,G,12,rs17179798,5314508,A,G,29
12,rs2884783,5315245,T,C,12,rs2884783,5315245,T,C,29
12,rs181288,5317850,T,C,12,rs181288,5317850,T,C,29
12,rs61142020,5310971,T,C,12,rs61142020,5310971,T,C,30
12,rs12582882,5314003,C,A,12,rs12582882,5314003,C,A,30
12,rs77192092,5314295,T,C,12,rs77192092,5314295,T,C,30
12,rs17179798,5314508,A,G,12,rs17179798,5314508,A,G,30
12,rs2884783,5315245,T,C,12,rs2884783,5315245,T,C,30
12,rs181288,5317850,T,C,12,rs181288,5317850,T,C,30
